企业,标题,日期,来源,链接
阿里巴巴,让AI人人可享人人受益,发布时间：2024-11-21 13:15:48,来源：产业+,https://business.cctv.com/2024/11/21/ARTI8GIGzQZDsHSB9w1QnCKF241121.shtml
阿里巴巴,共同推动构建网络空间命运共同体迈向新阶段,发布时间：2024-11-20 10:02:39,来源：新闻,https://news.cctv.com/2024/11/20/ARTIoqu0mOlj5AdpP0G6J1OJ241120.shtml
阿里巴巴,深圳、东莞、中山“三地六区”联合开展人才专题培训,发布时间：2024-11-12 19:35:13,来源：地方频道,https://local.cctv.com/2024/11/12/ARTIi3q0QxWWQygE1mQO1cja241112.shtml
阿里巴巴,政府补贴带动家电消费，天猫“双11”成绩释放消费回暖强烈信号,发布时间：2024-11-12 17:56:09,来源：经济,https://jingji.cctv.com/2024/11/12/ARTIyst2f5Su5hvvcf1MVUat241112.shtml
阿里巴巴,中医药传承创新前瞻论坛将在雄安召开,发布时间：2024-11-07 16:04:01,来源：产业+,https://business.cctv.com/2024/11/07/ARTIn3TotsEC3Bkv3qzP1BtA241107.shtml
阿里巴巴,【世界看进博】外企人士：共赴进博之约 中国大市场成为全球企业的大机遇,发布时间：2024-11-05 20:55:00,来源：新闻,https://news.cctv.com/2024/11/05/ARTIP1nQmCs8SK2ytiTmxyH5241105.shtml
阿里巴巴,AI如何助力重塑肿瘤诊疗模式,发布时间：2024-10-30 15:28:02,来源：数智频道,https://5gai.cctv.com/2024/10/30/ARTIIaXSFnKyutF4JdDB15r6241028.shtml
阿里巴巴,中国经济样本观察·县域样本篇丨义乌：“世界超市”何以“长红”？,发布时间：2024-10-29 17:43:27,来源：新闻,https://news.cctv.com/2024/10/29/ARTITwyk4pYgMn4s8M49FPq6241029.shtml
阿里巴巴,AI如何助力重塑肿瘤诊疗模式,发布时间：2024-10-28 18:19:34,来源：健康,https://jiankang.cctv.com/2024/10/28/ARTI1VUgJiXTi4BdVP38hWFu241028.shtml
阿里巴巴,“中国创造”展现新风采——第136届广交会观察,发布时间：2024-10-22 00:11:34,来源：新闻,https://news.cctv.com/2024/10/22/ARTIJedEb3UQVirVMFjAQj1f241022.shtml
阿里巴巴,“大地流彩·新国潮”乡村优秀文化艺术展演在甘肃省礼县隆重举行,发布时间：2024-10-16 17:24:53,来源：乡村振兴,https://xczx.cctv.com/2024/10/16/ARTI0XAO8JjChxu9c3EgDpyR241016.shtml
阿里巴巴,河南13家企业上榜2024中国民营企业500强,发布时间：2024-10-14 14:42:53,来源：地方频道,https://local.cctv.com/2024/10/14/ARTIL8pLiFwtKkemeQI4EjoS241014.shtml
阿里巴巴,一江碧水绘共富新景——新安江生态保护补偿机制实施观察,发布时间：2024-10-14 10:24:18,来源：新闻,https://news.cctv.com/2024/10/14/ARTI78iVE5X5YK1hKxfsEdu2241014.shtml
阿里巴巴,2024中国民营企业500强报告出炉：民企成科技创新重要主体  互联网行业研发投入领先,发布时间：2024-10-13 12:39:18,来源：经济,https://jingji.cctv.com/2024/10/13/ARTIwbpxT1uUnMbSx6rHVpLq241013.shtml
阿里巴巴,2024中国民营企业500强发布,发布时间：2024-10-13 06:11:46,来源：经济,https://jingji.cctv.com/2024/10/13/ARTI6fykLziPWuFARO0dBJcq241013.shtml
阿里巴巴,淘宝平台事业部总裁处端：松绑仅退款，治理行业三大顽疾,发布时间：2024-10-12 16:23:50,来源：经济,https://jingji.cctv.com/2024/10/12/ARTIXjwiRytKaQowWz2Xvehk241012.shtml
阿里巴巴,杭州城市重要新中心高质量发展大会在余杭区举行,发布时间：2024-10-11 20:49:26,来源：央视网报,https://city.news.cctv.com/2024/10/11/ARTIpsPdvVm1B2d2ZrJHRNq8241011.shtml
阿里巴巴,同心致远！中央广播电视总台2025“品牌强国工程”发布,发布时间：2024-10-11 20:42:39,来源：总台之声,https://www.cctv.com/2024/10/11/ARTIgegeGXB7K8yu8ivNkvSo241011.shtml
阿里巴巴,福建安溪：“一叶兴”链出“百业旺”,发布时间：2024-10-06 10:03:53,来源：福建频道,https://local.cctv.com/2024/10/06/ARTIDRKyf63fKUYy1OgRdHZ8241006.shtml
阿里巴巴,AI让“想象力”变成“生产力” ——2024云栖大会观察,发布时间：2024-09-30 15:15:51,来源：数智频道,https://5gai.cctv.com/2024/09/30/ARTItMHm2rNWfqLgu0MoVaou240930.shtml
阿里巴巴,"第四届中国新电商大会丨<font color=""red"">阿里巴巴</font>集团副总裁李然：供应链的创新和韧性，是驱动出海的核心动力",发布时间：2024-09-30 11:36:38,来源：公益频道,https://gongyi.cctv.com/2024/09/30/ARTIYkecB5cCLL6HCuzOBH4u240930.shtml
阿里巴巴,2024年“中国农民丰收节”江西活动开幕,发布时间：2024-09-23 19:08:46,来源：产业+,https://business.cctv.com/2024/09/23/ARTIty0yujzfKofVz7YrNQOy240923.shtml
阿里巴巴,国家药监局公布4起药品网络销售违法违规典型案例 涉及违规销售司美格鲁肽,发布时间：2024-09-18 16:42:48,来源：新闻,https://news.cctv.com/2024/09/18/ARTI3POa7cWLNvK9jEYK5Ejv240918.shtml
阿里巴巴,“加大在中国的创新发展是坚定承诺”,发布时间：2024-09-17 10:12:43,来源：新闻,https://news.cctv.com/2024/09/17/ARTIXiuhg98d6sEi1N1QeEE7240917.shtml
阿里巴巴,激活“数字引擎”：中国“数字服贸”为开放型世界经济注入新动能,发布时间：2024-09-14 14:31:53,来源：新闻,https://news.cctv.com/2024/09/14/ARTIukjxZtKhQyCchrcz6LpE240914.shtml
阿里巴巴,服贸会见证中国高水平对外开放惠及全球,发布时间：2024-09-13 13:46:12,来源：新闻,https://news.cctv.com/2024/09/13/ARTID4vpQQOswkBFi1kdJiDB240913.shtml
阿里巴巴,岳麓峰会特稿 | “峰”华正茂，向新十年！,发布时间：2024-09-07 12:00:12,来源：地方频道,https://local.cctv.com/2024/09/07/ARTIhE2nNcMt7YCPcBH6489U240907.shtml
阿里巴巴,2024年世界互联网大会“互联网之光”博览会推介会在北京举办,发布时间：2024-09-06 19:34:18,来源：新闻,https://news.cctv.com/2024/09/06/ARTI5bu6pjIRgPI0TLbJZ1bw240906.shtml
阿里巴巴,2025春夏中国国际时装周华美“盛”放，共筑中国时尚新“盛”景,发布时间：2024-09-05 12:13:47,来源：时尚,https://style.cctv.com/2024/09/05/ARTI04t7wrQ9eEhqBMAbXSsp240905.shtml
阿里巴巴,CGTN纪录片《共赴2035》以个性化视角讲述中非命运与共的故事,发布时间：2024-09-03 18:47:13,来源：新闻,https://news.cctv.com/2024/09/03/ARTIY4KN5lIo43dqoF2q1HHA240903.shtml
阿里巴巴,这位非洲小哥的生活处处有“中国造”,发布时间：2024-09-01 13:03:41,来源：新闻,https://news.cctv.com/2024/09/01/ARTIqPHESokUl0ujjKJ6Wrzc240901.shtml
阿里巴巴,迭代“制胜法宝” 看浙江经济第一区如何改革常新,发布时间：2024-08-31 13:58:22,来源：地方频道,https://local.cctv.com/2024/08/31/ARTIOOzcuHlFCf75jftWmpOs240831.shtml
阿里巴巴,瞭望·治国理政纪事｜共筑高水平中非命运共同体,发布时间：2024-08-31 11:09:47,来源：新闻,https://news.cctv.com/2024/08/31/ARTIq38EIGl50XEPAa18qjQg240831.shtml
阿里巴巴,2024年中国网络文明大会网络诚信论坛在成都举行,发布时间：2024-08-29 23:19:20,来源：公益频道,https://gongyi.cctv.com/2024/08/29/ARTISINsmAy0xtmpVKpu3uZg240829.shtml
阿里巴巴,产业联动性+行业风向标 2024数博会专业展启幕,发布时间：2024-08-28 18:33:52,来源：新闻,https://news.cctv.com/2024/08/28/ARTISsfDoKcu9CL5vPmoPeq3240828.shtml
阿里巴巴,“东南亚国家职业教育校长工作坊”成功举办,发布时间：2024-08-27 15:03:33,来源：教育,https://edu.cctv.com/2024/08/27/ARTID44KKLdKM8hVuetC60ES240827.shtml
阿里巴巴,【数智共生：开创数字经济高质量发展新未来】下好“先手棋”，贵州加“数”抢新机,发布时间：2024-08-26 17:31:14,来源：新闻,https://news.cctv.com/2024/08/26/ARTI1x4A36Uj8TZhQfpQUWB2240826.shtml
阿里巴巴,贵州：抢滩数字经济“新蓝海” 实现高质量发展新跨越,发布时间：2024-08-24 18:14:50,来源：新闻,https://news.cctv.com/2024/08/24/ARTIuTdusTAmbtLRJ1Z1ffLm240824.shtml
阿里巴巴,善用增值评价，助力从“育分”转向“育人”,发布时间：2024-08-20 07:16:28,来源：新闻,https://news.cctv.com/2024/08/20/ARTIwDRFLPvWZnt6jwP8mj6w240820.shtml
阿里巴巴,特稿｜稳中有进 向新而行——世界看好中国经济的韧性与机遇,发布时间：2024-08-17 11:02:40,来源：经济,https://jingji.cctv.com/2024/08/17/ARTIpiInchURK7CZRqnww2DH240817.shtml
阿里巴巴,天猫精灵发布新品牌“哇哦”及旗舰产品闺蜜机,发布时间：2024-08-06 17:44:55,来源：生态环境频道,https://eco.cctv.com/2024/08/06/ARTIFyIm4tJHqzpMlhLu4o3a240806.shtml
阿里巴巴,“小包裹”撬动全球大市场,发布时间：2024-08-06 11:38:05,来源：经济,https://jingji.cctv.com/2024/08/06/ARTIfi5I2eYHmdaWahKaCnCQ240806.shtml
阿里巴巴,瞭望·治国理政纪事｜加快建设服务全国的南繁硅谷,发布时间：2024-07-28 20:50:30,来源：新闻,https://news.cctv.com/2024/07/28/ARTI4vMflQJWM83iKBwDzvfh240728.shtml
阿里巴巴,新高！中央广播电视总台巴黎奥运会营销再创奥运纪录,发布时间：2024-07-21 17:38:38,来源：总台之声,https://www.cctv.com/2024/07/21/ARTI4e1Uvle8dCsZZd4FeEZM240721.shtml
阿里巴巴,买5台家电要下4个APP管理？破解智能家居联通难题,发布时间：2024-07-19 16:27:34,来源：产业+,https://business.cctv.com/2024/07/19/ARTIHXlu1pxC4YUahIMwgi6K240719.shtml
阿里巴巴,“中国制造”闪耀国际体育赛事,发布时间：2024-07-16 10:50:38,来源：新闻,https://news.cctv.com/2024/07/16/ARTI8OaAwI7CAKd6IzHNsjm9240716.shtml
阿里巴巴,世界互联网大会国际组织在京举办开放日活动,发布时间：2024-07-12 08:19:22,来源：新闻,https://news.cctv.com/2024/07/12/ARTI1dq07X3XL43JW47htwEK240712.shtml
阿里巴巴,制造业数字化转型之问三：如何突破产业升级技术之困？,发布时间：2024-07-11 17:34:35,来源：新闻,https://news.cctv.com/2024/07/11/ARTID9kRUfUeOraRlK1CHNV1240711.shtml
阿里巴巴,焦点访谈：以人为本 智能向善,发布时间：2024-07-06 21:37:34,来源：新闻,https://news.cctv.com/2024/07/06/ARTIZqkfe52JEI1BX0h2V5KU240706.shtml
阿里巴巴,中国人工智能人才数量大幅增长,发布时间：2024-07-06 16:12:58,来源：新闻,https://news.cctv.com/2024/07/06/ARTIswgd9GTm4p1sAVO27Gax240706.shtml
阿里巴巴,媒体探展｜WAIC 2024开幕，亮点多多！,发布时间：2024-07-04 15:14:25,来源：产业+,https://business.cctv.com/2024/07/04/ARTI0IOfdXHwzlC5zE1cXtxY240704.shtml
阿里巴巴,“创投十七条”后时代 新质生产力的风口到底在哪些角落？,发布时间：2024-07-03 10:17:33,来源：经济,https://jingji.cctv.com/2024/07/03/ARTI6p1YiKqUHDgmNFyOCUNI240703.shtml
阿里巴巴,2024高招进行时｜北京语言大学：服务国家战略、满足社会需求，新增1个实验班，4个联合学士学位，6个新专业,发布时间：2024-06-29 06:54:50,来源：教育,https://edu.cctv.com/2024/06/29/ARTIl651YgZQxyBJHsgzwzI3240629.shtml
阿里巴巴,新华深读｜老字号焕新：“和100多年前的人用同款”，是一种什么样的体验？,发布时间：2024-06-27 11:25:51,来源：新闻,https://news.cctv.com/2024/06/27/ARTIIoiAPKLgePQongu3CwWo240627.shtml
阿里巴巴,外交部驻澳公署组织外国领事官员访问浙江,发布时间：2024-06-24 06:19:04,来源：新闻,https://news.cctv.com/2024/06/24/ARTIhxqf2YAkx67OkeV95FO4240624.shtml
阿里巴巴,动辄上万元的高考志愿咨询，真能帮考生规划未来？,发布时间：2024-06-21 11:42:08,来源：新闻,https://news.cctv.com/2024/06/21/ARTIsQnrrzVguXzNoyfF82SE240621.shtml
阿里巴巴,WAIC 2024大模型合辑 | 从“魔都”到“模都”，构建大模型创新策源地，开启“模力”新纪元,发布时间：2024-06-21 11:27:30,来源：产业+,https://business.cctv.com/2024/06/21/ARTIaKIYJ6WLEfnKpSg7zhdS240619.shtml
阿里巴巴,2024高招进行时｜华东理工大学：实施跨学科交叉融合、多样人才培养模式，打造新时代高层次工程人才“样板间”,发布时间：2024-06-19 21:19:47,来源：教育,https://edu.cctv.com/2024/06/19/ARTI0RdgCBpAzDl5ZPnqzG2R240619.shtml
阿里巴巴,杭州“最长一横”隧道通车 绕城范围内快速路网断点全部打通,发布时间：2024-06-18 19:27:28,来源：央视网报,https://city.news.cctv.com/2024/06/18/ARTI1wV8iZTNJ4WdqR6mlYkm240618.shtml
阿里巴巴,WAIC 2024数据合辑｜加“数”前行，数据产业驱动AI创新发展,发布时间：2024-06-18 15:43:05,来源：产业+,https://business.cctv.com/2024/06/18/ARTIPeQt5dKmsv86RirHFcZc240618.shtml
阿里巴巴,达摩院回应“曾要求姜萍再次答题”：没那回事！,发布时间：2024-06-18 14:20:35,来源：新闻,https://news.cctv.com/2024/06/18/ARTI4d2KmS1rs1XBsycBATTi240618.shtml
阿里巴巴,多所高校向姜萍抛来橄榄枝，为何是欢迎报考而非破格录取,发布时间：2024-06-17 17:43:32,来源：新闻,https://news.cctv.com/2024/06/17/ARTIuIzscRQdOtK2Da9arrAh240617.shtml
阿里巴巴,WAIC 2024智能终端合辑 | 万物有“灵”，AI智能终端加速演进新未来,发布时间：2024-06-17 10:34:50,来源：产业+,https://business.cctv.com/2024/06/17/ARTIFVnoQw0F5wHLxWYh0toN240614.shtml
阿里巴巴,WAIC 2024金融合辑｜点“智”成金，“智”资融汇，AI金融相互赋能、共生发展,发布时间：2024-06-17 10:34:44,来源：产业+,https://business.cctv.com/2024/06/17/ARTIsBcLCM2qVHbbjSc8E3e9240614.shtml
阿里巴巴,同进数学竞赛决赛的博士生曝比赛细节 赞“姜萍厉害”,发布时间：2024-06-15 07:01:27,来源：新闻,https://people.cctv.com/2024/06/15/ARTIyxCIsNviC0XGVPihujYk240615.shtml
阿里巴巴,跨境电商贸易规模增长超10倍！这个“仓”不一般,发布时间：2024-06-15 06:30:04,来源：新闻,https://news.cctv.com/2024/06/15/ARTIT6jACKtV8EBURNLoDyBx240615.shtml
阿里巴巴,爆冷杀入数学竞赛决赛的中专女生：梦想就是考大学,发布时间：2024-06-14 06:31:22,来源：新闻,https://people.cctv.com/2024/06/14/ARTI9ifiY89RgVKSwabOISV9240614.shtml
阿里巴巴,43.42亿美元花开“浙”里，2024浙江·台湾合作周精彩启幕,发布时间：2024-06-13 19:58:35,来源：地方频道,https://local.cctv.com/2024/06/13/ARTIjLZqufnaVsXfG31UhiaP240613.shtml
阿里巴巴,17岁中专女生、全球数学竞赛第12名 她怎么做到的,发布时间：2024-06-13 18:56:14,来源：新闻,https://people.cctv.com/2024/06/13/ARTIUoiYFfrv9gASLtrVRaao240613.shtml
阿里巴巴,WAIC 2024倒计时30天发布会顺利召开，主视觉及主题发布！,发布时间：2024-06-06 15:23:02,来源：产业+,https://business.cctv.com/2024/06/06/ARTIvbJYKjfZbZMdBB9UZVoc240606.shtml
阿里巴巴,在长三角，寻找温州的“地瓜”藤蔓,发布时间：2024-06-06 14:55:25,来源：地方频道,https://local.cctv.com/2024/06/06/ARTIjpzZAW5NtPSV5FYAAPXU240606.shtml
阿里巴巴,智能家居联通难题如何破解？,发布时间：2024-06-05 06:14:45,来源：新闻,https://news.cctv.com/2024/06/05/ARTI1VYydezjvzudLqeGKVq0240605.shtml
阿里巴巴,第二十届中国国际动漫节将呈现六大亮点,发布时间：2024-05-29 14:40:10,来源：教育,https://edu.cctv.com/2024/05/29/ARTIUnTTRQNqX1QRvC0AvYmL240529.shtml
阿里巴巴,淘宝卖家发空包后跑路，预防卖家跑路，淘宝采取的防范措施，为何失效？,发布时间：2024-05-29 11:34:10,来源：新闻,https://news.cctv.com/2024/05/29/ARTIvfOBRlcQiXWrLuZX7jIv240529.shtml
阿里巴巴,6个关键词回顾第七届数字中国建设峰会,发布时间：2024-05-29 10:32:06,来源：地方频道,https://local.cctv.com/2024/05/29/ARTIicYHbebkRlF3agOEHGuL240529.shtml
阿里巴巴,科技赋能，文化产业添魅力,发布时间：2024-05-28 16:32:38,来源：新闻,https://news.cctv.com/2024/05/28/ARTI4h498OcFVKdQbbmiJcz5240528.shtml
阿里巴巴,在变与不变中探寻发展密码,发布时间：2024-05-28 11:29:49,来源：福建频道,https://local.cctv.com/2024/05/28/ARTIIKVS7ukb8r3YgdZ1KMFf240528.shtml
阿里巴巴,“2024·全国文化企业30强”发布 杭州入选数量位列全国第三,发布时间：2024-05-27 16:21:36,来源：地方频道,https://local.cctv.com/2024/05/27/ARTIZzsusNZ1SgmnHZKW7Sdc240527.shtml
阿里巴巴,福州长乐：打造创新“强磁场” 汇聚发展“新”动能,发布时间：2024-05-27 10:14:11,来源：福建频道,https://local.cctv.com/2024/05/27/ARTIRY6ovNTzk1Xfndow0H1t240527.shtml
阿里巴巴,数字峰会专题报道⑰丨发挥数据要素乘数效应 数字中国建设峰会发布三部白皮书,发布时间：2024-05-25 00:50:03,来源：福建频道,https://local.cctv.com/2024/05/25/ARTIuYvagAm6BBRnhuhjbyKU240524.shtml
阿里巴巴,想开网约车，难了,发布时间：2024-05-22 10:06:16,来源：新闻,https://news.cctv.com/2024/05/22/ARTINoHo15cDZ38tzi0W2YTn240522.shtml
阿里巴巴,感受数字未来，第七届数字中国建设峰会现场体验区等你来！,发布时间：2024-05-20 16:44:22,来源：产业+,https://business.cctv.com/2024/05/20/ARTIEWwufE63aUgglWZcGMWG240520.shtml
阿里巴巴,陕西省跨境电商产业高质量发展大会在西安高新区举行,发布时间：2024-05-16 22:53:18,来源：地方频道,https://local.cctv.com/2024/05/16/ARTIKgZnPO742w0vzoWMXcmJ240516.shtml
阿里巴巴,漳州长福村：百花村里百花香,发布时间：2024-05-08 10:44:12,来源：福建频道,https://local.cctv.com/2024/05/08/ARTIFGjj5Y9Srme2erZvC9ms240508.shtml
阿里巴巴,就业新平台 跨境电商屡现“抢人大战”,发布时间：2024-05-05 06:57:10,来源：新闻,https://news.cctv.com/2024/05/05/ARTI9FkjAkxgVQwl0vh7p3im240505.shtml
阿里巴巴,跨境电商屡现“抢人大战” 稀缺的不只是主播,发布时间：2024-05-05 06:33:13,来源：新闻,https://news.cctv.com/2024/05/05/ARTIfCykEFM9g3BiatuuBrCY240505.shtml
阿里巴巴,“五一”微观察：AI在职场中的这些应用你了解吗？,发布时间：2024-05-03 23:31:33,来源：新闻,https://news.cctv.com/2024/05/03/ARTI8zDyeLJSt7k0s5dzutZ9240503.shtml
阿里巴巴,福建大数据产业点“数”成金,发布时间：2024-04-30 10:27:45,来源：福建频道,https://local.cctv.com/2024/04/30/ARTIzSXP7fSLHIMMPuJQT8B0240430.shtml
阿里巴巴,联合国工业发展组织第四次工业革命产业加速器（杭州）揭牌仪式暨中德产业对接会在杭举办,发布时间：2024-04-22 13:01:48,来源：产业+,https://business.cctv.com/2024/04/22/ARTIk3612Jia2VZPkMwu8g4p240422.shtml
阿里巴巴,以礼会友｜珀莱雅：岁月凝华，科学护肤,发布时间：2024-04-21 22:37:43,来源：产业+,https://business.cctv.com/2024/04/21/ARTITrAqeWRn4PNvcICibTXq240418.shtml
阿里巴巴,向“新”而行，三份榜单看“江宁突破”,发布时间：2024-04-15 14:58:37,来源：地方频道,https://local.cctv.com/2024/04/15/ARTIKhfMku0TsBOsnMWI3FfH240415.shtml
阿里巴巴,马来西亚学者：“一带一路”是通往未来的门户,发布时间：2024-04-11 15:41:46,来源：新闻,https://news.cctv.com/2024/04/11/ARTIipNYKfZ35LMS5JZYqCgJ240411.shtml
阿里巴巴,2024陕西跨境电商高质量发展大会在西安高新区举行,发布时间：2024-04-10 17:56:43,来源：地方频道,https://local.cctv.com/2024/04/10/ARTIKFykCFb9H6WtzCFQNEVd240410.shtml
阿里巴巴,世界互联网大会举办2024年领先科技奖及实践案例宣介会,发布时间：2024-04-10 09:12:04,来源：新闻,https://news.cctv.com/2024/04/10/ARTIIGNgj5oVTQD1k2Vmtb0E240410.shtml
阿里巴巴,世界互联网大会数字丝路发展论坛将在西安举办,发布时间：2024-04-09 16:39:43,来源：地方频道,https://local.cctv.com/2024/04/09/ARTIVZrY3iBTDjPxrso3oscX240409.shtml
阿里巴巴,深圳首季跨境电商进出口超千亿元,发布时间：2024-04-09 15:26:38,来源：地方频道,https://local.cctv.com/2024/04/09/ARTI2gdbzmIOdR5K4jtwsREd240409.shtml
阿里巴巴,2024上海全球投资促进大会举行 龚正致辞,发布时间：2024-03-30 09:41:42,来源：新闻,https://news.cctv.com/2024/03/30/ARTIEE7NwmQJbTdEsFAAJVQ5240330.shtml
阿里巴巴,世界互联网大会数字丝路发展论坛将于4月16日在西安举行,发布时间：2024-03-28 20:31:29,来源：新闻,https://news.cctv.com/2024/03/28/ARTIsvFS3pxY5h6UUcm93HTr240328.shtml
阿里巴巴,“县”在出发——行走百县话振兴 | 秦岭深处蕴“网”情 奋起路上的佛坪故事,发布时间：2024-03-28 13:27:57,来源：新闻,https://news.cctv.com/2024/03/28/ARTICFJQrDCfoFkJ3bT79Ey8240328.shtml
阿里巴巴,廉毅敏在杭州调研时强调 加快发展新质生产力培育高质量发展新动能,发布时间：2024-03-28 11:46:52,来源：新闻,https://news.cctv.com/2024/03/28/ARTItosx6yk5X8PBcpM011qw240328.shtml
京东,宿迁儿童医院约4.8亿元拍卖在即！专家：医院勿盲目扩张,发布时间：2024-11-24 18:54:38,来源：经济,https://jingji.cctv.com/2024/11/24/ARTIbx7e8b0J4eVaKA0UZsm9241124.shtml
京东,今年1至10月福建经济延续稳中有进态势,发布时间：2024-11-24 09:48:59,来源：福建频道,https://local.cctv.com/2024/11/24/ARTI9G7uu85SJ7tqqqvBIxlO241124.shtml
京东,平行世界里的两个成都,发布时间：2024-11-22 21:13:38,来源：地方频道,https://local.cctv.com/2024/11/22/ARTI9mMWNzM7L4zjpIywJ7Nk241122.shtml
京东,20天破千亿 第四届直播电商节（中国·广州）成绩亮眼,发布时间：2024-11-22 17:18:00,来源：地方频道,https://local.cctv.com/2024/11/22/ARTI515xV7GNaYkUbzY2ANii241122.shtml
京东,【数说经济】巩固增强消费引擎关键动能,发布时间：2024-11-22 11:56:39,来源：新闻,https://news.cctv.com/2024/11/22/ARTIya8bZqLrCBPveRm2BOGS241122.shtml
京东,中国职教“出海”为世界培养技能人才,发布时间：2024-11-21 14:57:38,来源：新闻,https://news.cctv.com/2024/11/21/ARTIOROMQH8exzJLeIXLmt7R241121.shtml
京东,中国5G+工业互联网大会上 武汉多区“亮剑”,发布时间：2024-11-21 14:15:59,来源：地方频道,https://local.cctv.com/2024/11/21/ARTIR0d2oCG2Gl3WwJfkD1L8241121.shtml
京东,“中国餐桌”迎来更多“拉美味道”（环球热点）,发布时间：2024-11-20 14:45:56,来源：新闻,https://news.cctv.com/2024/11/20/ARTI4N7re3R3gcr6kEXHrpH2241120.shtml
京东,江西吉安一女子陷刷单诈骗邮寄“现金包裹” 警方及时拦截追回,发布时间：2024-11-19 16:54:50,来源：央视网报,https://city.news.cctv.com/2024/11/19/ARTIXTrTc5Z7ZhuTcOFMGBUP241119.shtml
京东,“绵品出川”济南行圆满落幕，绵阳品牌闪耀ACE2024亚餐展,发布时间：2024-11-19 09:51:53,来源：文化频道,https://www.cctv.com/2024/11/19/ARTIftPguRy6umW7zFABxraw241119.shtml
京东,数智赋能物流业降本增效,发布时间：2024-11-19 08:28:52,来源：数智频道,https://5gai.cctv.com/2024/11/19/ARTI2PugK2YaTkfUbrkQSizQ241118.shtml
京东,中央广播电视总台“央央好物”直播电商平台正式启动,发布时间：2024-11-18 20:03:35,来源：总台之声,https://www.cctv.com/2024/11/18/ARTIBCEQOe6pTEp6nLkz5HkL241118.shtml
京东,第八届中国纺织非物质文化遗产大会在海宁许村召开,发布时间：2024-11-18 16:46:58,来源：时尚,https://style.cctv.com/2024/11/18/ARTI1qwYNu1arC8F41VI1DQl241118.shtml
京东,绵阳品牌亮相ACE2024亚餐展，科技与美食碰撞出川蜀之美,发布时间：2024-11-16 08:18:03,来源：文化频道,https://www.cctv.com/2024/11/16/ARTIBBOEBvT7iCwRledK2dBM241115.shtml
京东,绵阳风味撩动泉城味蕾，ACE2024亚餐展见证美食与文化交融的热潮,发布时间：2024-11-15 13:19:53,来源：文化频道,https://www.cctv.com/2024/11/15/ARTIIaIUS8pVUWlPmbNTzvu5241115.shtml
京东,进博会到“双11” 双平台共振展现中国市场热力,发布时间：2024-11-14 16:17:14,来源：经济,https://jingji.cctv.com/2024/11/14/ARTI6XT5OaaPGKOQY1F7rv2r241114.shtml
京东,平潭：畅通供应链，竞速“双11”,发布时间：2024-11-14 10:18:52,来源：福建频道,https://local.cctv.com/2024/11/14/ARTIoo8KD7fYligaMpUnGodv241114.shtml
京东,“双十一”加速释放消费潜能,发布时间：2024-11-13 06:59:34,来源：经济,https://jingji.cctv.com/2024/11/13/ARTIFJZADFG4aoMFVssjwDD5241113.shtml
京东,信用卡代偿平台再活跃 “低费率”背后还有哪些风险,发布时间：2024-11-13 06:55:27,来源：新闻,https://news.cctv.com/2024/11/13/ARTI8JSuuTGlEtPl4fjJNQ7b241113.shtml
京东,2024年度宠物经济发展大会暨宠物行业数据发布会即将启动,发布时间：2024-11-12 19:23:43,来源：产业+,https://business.cctv.com/2024/11/12/ARTIdW7RCEeinAOLxT54IpWy241112.shtml
京东,“双十一”期间，全国快递揽收和投递量都超过一百二十亿件,发布时间：2024-11-12 09:36:25,来源：经济,https://jingji.cctv.com/2024/11/12/ARTIORCLqPonpyPvxSku24MI241112.shtml
京东,“双11”16年了，今年有何不同？,发布时间：2024-11-12 07:23:42,来源：新闻,https://news.cctv.com/2024/11/12/ARTIWIJdz4W53FIL6LauDkoU241112.shtml
京东,“双十一”叠加以旧换新拓展消费空间,发布时间：2024-11-11 10:06:47,来源：经济,https://jingji.cctv.com/2024/11/11/ARTIOAgKIeb8Fez4wBEtEnIb241111.shtml
京东,《财富大变局》新书发布会在京举办 李光斗与企业家共同探讨财富新趋势,发布时间：2024-11-11 10:04:58,来源：经济,https://jingji.cctv.com/2024/11/11/ARTILy33EEASzTzoJg5LsniG241111.shtml
京东,家电销售领跑“双十一” 以旧换新撬动力凸显,发布时间：2024-11-11 05:34:58,来源：经济,https://jingji.cctv.com/2024/11/11/ARTI2yMFJhA5iGRJ1Ve1qULe241111.shtml
京东,李光斗《财富大变局》新书发布会在京举行,发布时间：2024-11-08 17:43:01,来源：财经,https://finance.cctv.com/2024/11/08/ARTIu7qC5H0qqQKEiqFex6Yo241108.shtml
京东,“领补贴”消费者的“以旧换新记”,发布时间：2024-11-08 17:11:47,来源：经济,https://jingji.cctv.com/2024/11/08/ARTISu5j5mLKA8LYC5Jjzo00241108.shtml
京东,澳洲EAORON第七次亮相上海进博会,发布时间：2024-11-08 14:28:56,来源：产业+,https://business.cctv.com/2024/11/08/ARTIHoUpVMh5efCPxIkOJYrE241108.shtml
京东,《财富大变局》新书发布会在京举办 李光斗与企业家共同探讨财富新趋势,发布时间：2024-11-08 11:54:19,来源：小央视频,https://v.cctv.com/2024/11/08/ARTIYmWBIatyAsF6Uw0l1I6e241108.shtml
京东,福建：服务找人才 为民企蓄能,发布时间：2024-11-08 10:22:36,来源：福建频道,https://local.cctv.com/2024/11/08/ARTIFXLl7ibOUpCYjeychS4q241108.shtml
京东,颜选攻略 | PGG、BLAUPUNKT眼部按摩仪检出不达标，最新回应来了,发布时间：2024-11-06 11:15:22,来源：教育,https://edu.cctv.com/2024/11/06/ARTIUpcST4teHxgPFi9ByrQc241106.shtml
京东,颜选攻略 | 2024年家用燃气快速热水器等抽查情况通报,发布时间：2024-11-06 10:46:50,来源：教育,https://edu.cctv.com/2024/11/06/ARTI6iORhyHZU0OK4ZWBemvo241106.shtml
京东,新型储能：“超级充电宝”如何驱动未来能源变革,发布时间：2024-11-06 07:13:40,来源：新闻,https://news.cctv.com/2024/11/06/ARTIYeKZsInYfGN1xxGVkzEm241106.shtml
京东,职业教育如何跑出汽车人才培养“加速度”？——专访北京万通职业学校副校长李长娥,发布时间：2024-11-05 18:50:35,来源：教育,https://edu.cctv.com/2024/11/05/ARTIQ7NAvnyqKMTF6dNKIizO241105.shtml
京东,强产业 稳投资 促消费——天津生产消费一线走访见闻,发布时间：2024-11-05 15:17:46,来源：经济,https://jingji.cctv.com/2024/11/05/ARTI9sRazqbkYpZGH51qXHpD241105.shtml
京东,2024“我为赣南果农买箱橙”公益助农活动在信丰启动！,发布时间：2024-11-04 20:53:10,来源：地方频道,https://local.cctv.com/2024/11/04/ARTIadSsMknK427ROwcPozJS241104.shtml
京东,点燃消费新热潮 第四届广州直播电商节揭幕,发布时间：2024-11-03 14:33:16,来源：地方频道,https://local.cctv.com/2024/11/03/ARTIZYirRKbi3ENcm7BMvok8241103.shtml
京东,主要指标实现增长、重大工程建设加快推进 一揽子增量政策汇聚增长合力,发布时间：2024-11-01 14:42:28,来源：新闻,https://news.cctv.com/2024/11/01/ARTIrLLCGg4uDF0sNZPe96uY241101.shtml
京东,经济季报听信心｜“以旧换新”激活内需潜力,发布时间：2024-11-01 10:46:01,来源：经济,https://jingji.cctv.com/2024/11/01/ARTIBXn7ChAGmskkNhQm3BNM241101.shtml
京东,稳中求进每月看丨金秋共绘奋进新图景——10月全国各地经济社会发展观察,发布时间：2024-11-01 10:45:30,来源：经济,https://jingji.cctv.com/2024/11/01/ARTILIDwc8hHDrMbDYVYCOwV241101.shtml
京东,人流快于货流 前三季度跨区域人员流动量近五百亿人次,发布时间：2024-11-01 06:09:25,来源：新闻,https://news.cctv.com/2024/11/01/ARTImeG4J5efCgv48eY3PgaA241101.shtml
京东,416.3亿、129.7亿、4909亿……人享其行、物畅其流 释放强劲经济活力,发布时间：2024-10-31 17:04:36,来源：新闻,https://news.cctv.com/2024/10/31/ARTIgP1CrFRsd4GkALoidc2q241031.shtml
京东,花都经开区升级“国字号”,发布时间：2024-10-31 12:03:58,来源：地方频道,https://local.cctv.com/2024/10/31/ARTIMfL74EW5xtKSL6RecWZN241031.shtml
京东,支持地方交通建设 交通运输部今年已累计下达3157亿元车购税资金,发布时间：2024-10-31 11:16:25,来源：新闻,https://news.cctv.com/2024/10/31/ARTIyg9HBMFHQ3vhmRWveABj241031.shtml
京东,原创音乐话剧《受到召唤·敦煌》新闻发布会在京举办，共赴“千年璀璨之约”,发布时间：2024-10-31 10:13:38,来源：光华锐评频道,https://ghrp.cctv.com/2024/10/31/ARTIsBG98ihjlu4AEpZnFa2b241031.shtml
京东,厦门自贸片区：为扩大高水平对外开放立新功,发布时间：2024-10-31 10:10:21,来源：福建频道,https://local.cctv.com/2024/10/31/ARTIkKvivdcDCFtOmL2sxqVl241031.shtml
京东,机、车、仓等技术加速应用 无人快递送入千家万户,发布时间：2024-10-31 06:52:07,来源：新闻,https://news.cctv.com/2024/10/31/ARTI5ffxhFIwQDs4VTGgTQcM241031.shtml
京东,2024西安全国乡村振兴农产品产销对接会开幕,发布时间：2024-10-30 19:30:29,来源：地方频道,https://local.cctv.com/2024/10/30/ARTIOPzbRhf8W85NEIYc7jSd241030.shtml
京东,以旧换新“换”出加速度 拉动内需增长“跑”出新成效,发布时间：2024-10-30 07:01:17,来源：经济,https://jingji.cctv.com/2024/10/30/ARTI5LRkWfMVMHerhnShiZJd241030.shtml
京东,中国经济样本观察·县域样本篇丨义乌：“世界超市”何以“长红”？,发布时间：2024-10-29 17:43:27,来源：新闻,https://news.cctv.com/2024/10/29/ARTITwyk4pYgMn4s8M49FPq6241029.shtml
京东,聚力打造具有全球竞争力的电子信息产业高地！,发布时间：2024-10-29 13:54:32,来源：地方频道,https://local.cctv.com/2024/10/29/ARTI6kCS00xHB9ZnnpxyzXIh241029.shtml
京东,广交会观察: 外商盯上中国户外露营潮,发布时间：2024-10-26 19:34:04,来源：新闻,https://news.cctv.com/2024/10/26/ARTIlMR8vCMx5SelV8ZEqam9241026.shtml
京东,富乐之乡携手南孔圣地　“绵品出川”相遇“衢州有礼”—— 一场跨越山海的双向奔赴再谱东西协作新篇章,发布时间：2024-10-25 19:12:42,来源：文化频道,https://www.cctv.com/2024/10/25/ARTI0aLa9XsKMGOOvlpgyPSw241025.shtml
京东,透过数据看当“双十一”遇上“以旧换新”热度 消费市场活力十足,发布时间：2024-10-25 16:47:36,来源：新闻,https://news.cctv.com/2024/10/25/ARTIKUJvKnYXXvUq5ADqcpRZ241025.shtml
京东,“绵品出川”衢州行即将启动，跨越山海见证浓浓“兄弟情”,发布时间：2024-10-24 12:55:42,来源：文化频道,https://www.cctv.com/2024/10/24/ARTIgRALev6v601Vctm720M3241024.shtml
京东,"林内<font color=""red"">京东</font>巅峰24小时：超值焕新，鲸动全城，公益活动圆满落幕",发布时间：2024-10-23 17:57:48,来源：产业+,https://business.cctv.com/2024/10/23/ARTILI4Bexc1qSmodT6uaRSb241023.shtml
京东,藏在酒店民宿里的摄像头,发布时间：2024-10-23 10:25:52,来源：新闻,https://news.cctv.com/2024/10/23/ARTIjnQ5F3e54dDfhUBJKpMc241023.shtml
京东,“中国创造”展现新风采——第136届广交会观察,发布时间：2024-10-22 00:11:34,来源：新闻,https://news.cctv.com/2024/10/22/ARTIJedEb3UQVirVMFjAQj1f241022.shtml
京东,北京正规划3000平方公里自动驾驶示范区,发布时间：2024-10-19 16:11:11,来源：新闻,https://news.cctv.com/2024/10/19/ARTImVRaLwhF0PPUlnOs7rkO241019.shtml
京东,镜观·领航丨总书记三次考察合肥，科创主题贯穿始终,发布时间：2024-10-19 12:38:40,来源：新闻,https://news.cctv.com/2024/10/19/ARTIRZQsRhpdo4ixfiZDLURc241019.shtml
京东,广交会上的这些“首次”传递哪些信号？,发布时间：2024-10-18 09:29:11,来源：新闻,https://news.cctv.com/2024/10/18/ARTIh75bvHcSQnPB9ksQTXLU241018.shtml
京东,财经聚焦丨广交会上的这些“首次”传递哪些信号？,发布时间：2024-10-18 05:56:50,来源：经济,https://jingji.cctv.com/2024/10/18/ARTIAmf1QeS0DMMHseexhP2c241018.shtml
京东,颜选攻略丨上海市消保委测评50款老人鞋 舒悦、骆驼、泰和源等样品未达推荐性国标要求,发布时间：2024-10-16 11:37:15,来源：教育,https://edu.cctv.com/2024/10/16/ARTIeo28tvMgz2dn7dY2LAR8241016.shtml
京东,5大餐饮品类主题展！第二十五届中国美食节展览展示及采购对接会诚邀您的加入,发布时间：2024-10-16 10:24:28,来源：文旅美食,https://culture-travel.cctv.com/2024/10/16/ARTIRlzSXCNyKb27UPimOOVG241016.shtml
京东,定档！第二十五届中国美食节暨第二届闽菜美食文化节 首届（福州）佛跳墙节将于10月底在福州举办！,发布时间：2024-10-16 09:38:15,来源：文旅美食,https://culture-travel.cctv.com/2024/10/16/ARTI1LFTQAJJCQ10P4yPXgoy241016.shtml
京东,文化和旅游部举行第八届中国非物质文化遗产博览会新闻发布会,发布时间：2024-10-15 10:39:27,来源：科教,http://cctv.cntv.cn/2024/10/15/ARTI4lJUeTpaJLlY40xqG61a241015.shtml
京东,河南省家电以旧换新月成交量超百万台,发布时间：2024-10-14 14:46:54,来源：地方频道,https://local.cctv.com/2024/10/14/ARTIlbDLYcHj830U4w5FM05T241014.shtml
京东,河南13家企业上榜2024中国民营企业500强,发布时间：2024-10-14 14:42:53,来源：地方频道,https://local.cctv.com/2024/10/14/ARTIL8pLiFwtKkemeQI4EjoS241014.shtml
京东,电商带吉林特产走向全球,发布时间：2024-10-14 10:26:56,来源：乡村振兴,https://xczx.cctv.com/2024/10/14/ARTIheCkdmRAvsZJY8fDDEOO241014.shtml
京东,努力完成全年经济社会发展目标任务,发布时间：2024-10-14 10:12:22,来源：新闻,https://news.cctv.com/2024/10/14/ARTIZsziLUEps9QsyPTVaAoq241014.shtml
京东,2024中国民营企业500强报告出炉：民企成科技创新重要主体  互联网行业研发投入领先,发布时间：2024-10-13 12:39:18,来源：经济,https://jingji.cctv.com/2024/10/13/ARTIwbpxT1uUnMbSx6rHVpLq241013.shtml
京东,漳州平和：“柚都”炼成记,发布时间：2024-10-13 11:09:01,来源：福建频道,https://local.cctv.com/2024/10/13/ARTI8nTRajdAgF4HhNI36mwr241013.shtml
京东,2024中国民营企业500强发布,发布时间：2024-10-13 06:11:46,来源：经济,https://jingji.cctv.com/2024/10/13/ARTI6fykLziPWuFARO0dBJcq241013.shtml
京东,成都高新西区多个产业项目加速推进 全力冲刺四季度,发布时间：2024-10-12 17:03:57,来源：地方频道,https://local.cctv.com/2024/10/12/ARTI8af5qr1edE4X5wi3970N241012.shtml
京东,同心致远！中央广播电视总台2025“品牌强国工程”发布,发布时间：2024-10-11 20:42:39,来源：总台之声,https://www.cctv.com/2024/10/11/ARTIgegeGXB7K8yu8ivNkvSo241011.shtml
京东,长三角铁路10月11日起实施新列车运行图,发布时间：2024-10-11 18:41:41,来源：新闻,https://news.cctv.com/2024/10/11/ARTIn250pyWyRdG8cZwTZyvn241011.shtml
京东,冬季电煤运输关键期 全国铁路增加煤炭运输能力,发布时间：2024-10-11 17:25:25,来源：新闻,https://news.cctv.com/2024/10/11/ARTIRvcu0v25G9e3dE4xTCgg241011.shtml
京东,"医养融合 科技赋能 打造智慧医养新标杆 ——<font color=""red"">京东</font>方健康闪耀国际老龄产业博览会",发布时间：2024-10-11 17:09:28,来源：产业+,https://business.cctv.com/2024/10/11/ARTI36TPejFf1xy996sqEl6Y241011.shtml
京东,激活“有效需求” 兴业银行聚力“两新”出新招打实招,发布时间：2024-10-10 16:45:29,来源：福建频道,https://local.cctv.com/2024/10/10/ARTIOfc22P5NURo069NU9m7G241010.shtml
京东,让企业和产业成为职业教育的“练兵场”,发布时间：2024-10-10 16:25:50,来源：教育,https://edu.cctv.com/2024/10/10/ARTITrNTmnGwykZLujmOJLUj241010.shtml
京东,经济政策一线微观察｜“两新”政策 成效几何？,发布时间：2024-10-10 15:28:12,来源：经济,https://jingji.cctv.com/2024/10/10/ARTImsHw6Xn4An7fjyAgH9tG241010.shtml
京东,福建福安：大健康风口下，按摩器产业借势高飞,发布时间：2024-10-10 10:24:33,来源：福建频道,https://local.cctv.com/2024/10/10/ARTInV15EJ2FnWNw6ibrxiGp241010.shtml
京东,权威数读｜这个国庆有多“火 ”？这些数据告诉你,发布时间：2024-10-09 16:59:57,来源：经济,https://jingji.cctv.com/2024/10/09/ARTIoRS54nCuxK0ikvnSVTJe241009.shtml
京东,文旅融合出新出彩 消费市场活力涌动——2024年国庆假期盘点,发布时间：2024-10-09 08:32:41,来源：新闻,https://news.cctv.com/2024/10/09/ARTIRsFyhrSvAfxD7z4i3JZz241009.shtml
京东,财经聚焦丨假日人气旺 市场活力足——国庆假期消费市场一线观察,发布时间：2024-10-08 20:28:00,来源：新闻,https://news.cctv.com/2024/10/08/ARTIOUvjHtGDzcCn3UEvZbLU241008.shtml
京东,“蟠桃甜，日子更甜！”（新疆生产建设兵团砥砺奋进七十载）,发布时间：2024-10-08 17:57:33,来源：新闻,https://news.cctv.com/2024/10/08/ARTIkkl4SDRifCInQbE3oGq8241008.shtml
京东,尽情“燃烧卡路里” 体育消费激活经济新潜力,发布时间：2024-10-08 11:14:25,来源：产业+,https://business.cctv.com/2024/10/08/ARTI40mhTbrlq6wRTLrkQ85B241008.shtml
京东,国庆假期北京重点商圈客流量超过4500万人次,发布时间：2024-10-07 19:43:29,来源：经济,https://jingji.cctv.com/2024/10/07/ARTIQxzJ7ykozqzBqiwQyPN4241007.shtml
京东,文旅火 促销热 服务优：国庆假期消费成色足,发布时间：2024-10-07 18:44:37,来源：新闻,https://news.cctv.com/2024/10/07/ARTIOd9C4YhVDjE8jCjUriuc241007.shtml
京东,福建安溪：“一叶兴”链出“百业旺”,发布时间：2024-10-06 10:03:53,来源：福建频道,https://local.cctv.com/2024/10/06/ARTIDRKyf63fKUYy1OgRdHZ8241006.shtml
京东,交通先行脉搏强劲 流动中国生机勃勃,发布时间：2024-10-05 06:32:17,来源：新闻,https://news.cctv.com/2024/10/05/ARTInRveB4HnourViSabrVwT241005.shtml
京东,第四届中国新电商大会丨物美集团创始人、多点DMALL创始人张文中：坚定不移拥抱数字化，是发挥新质生产力作用的关键,发布时间：2024-09-30 11:38:27,来源：公益频道,https://gongyi.cctv.com/2024/09/30/ARTIpqwGFzycVyT7PDBIc7oI240930.shtml
京东,"第四届中国新电商大会丨<font color=""red"">京东</font>集团副总裁王冠之：助力降本增效，带动生态产业高质量发展",发布时间：2024-09-30 11:25:33,来源：公益频道,https://gongyi.cctv.com/2024/09/30/ARTIelkrJxI2qetVjY0pLxT8240930.shtml
京东,各地促消费加码，打造更多“金九银十”消费新热点,发布时间：2024-09-30 01:33:52,来源：经济,https://jingji.cctv.com/2024/09/30/ARTIUE73bEVA02UIE9jr2IwZ240930.shtml
京东,"淘宝可用微信支付 <font color=""red"">京东</font>将接入支付宝支付",发布时间：2024-09-29 17:21:58,来源：财经,https://finance.cctv.com/2024/09/29/ARTIjIkNu99aA2SOA4FeFDXf240929.shtml
京东,【8点见】国企明年普遍推行不胜任退出制度,发布时间：2024-09-28 08:00:33,来源：新闻,https://news.cctv.com/2024/09/28/ARTIKJs9crGI2xV7v0WY7An0240928.shtml
京东,"<font color=""red"">京东</font>方健康视图板块上线，为用户带来便捷就医新体验",发布时间：2024-09-27 16:28:21,来源：产业+,https://business.cctv.com/2024/09/27/ARTIPYckZWJZsQgJkTL4OrKe240927.shtml
京东,打卡“中国新地标” “东数西算”夯实中国数字经济发展“绿色底座”,发布时间：2024-09-27 14:56:53,来源：新闻,https://news.cctv.com/2024/09/27/ARTI6rhsIZXUTnLstZjJiPxa240927.shtml
京东,“e起绽放吧”晚会燃动全场！两岸青年共赴青春派对,发布时间：2024-09-27 09:04:22,来源：新闻,https://news.cctv.com/2024/09/27/ARTIpwTyAMHLCiHXR49fZQYi240927.shtml
京东,四川省将发放超4亿元消费券活跃市场,发布时间：2024-09-26 13:53:12,来源：经济,https://jingji.cctv.com/2024/09/26/ARTIg0mxsjQjFnUAO0vSgfMN240926.shtml
万科集团,中资企业支持印尼能源转型行动愿景 携手打造绿色“一带一路”,发布时间：2024-11-22 11:11:33,来源：生态环境频道,https://eco.cctv.com/2024/11/22/ARTIMpvlFAZ772oMF9gNXJNQ241122.shtml
万科集团,中资企业支持印尼能源转型行动愿景 携手打造绿色“一带一路”,发布时间：2024-11-21 18:02:26,来源：新闻,https://news.cctv.com/2024/11/21/ARTITIGXj8zxCPC56EXWwTy3241121.shtml
万科集团,2024年数字经济与半导体显示产业发展经贸会在南京举办,发布时间：2024-10-11 16:21:33,来源：地方频道,https://local.cctv.com/2024/10/11/ARTIrNch9XvEqRTGC8nW8wKi241011.shtml
万科集团,万科回应舆情：高管没被边控、不存在拒不交账情况,发布时间：2024-04-15 06:42:01,来源：经济,https://jingji.cctv.com/2024/04/15/ARTI0uVBZP15rTwLEN8rupkk240415.shtml
万科集团,安徽省党政代表团在广州召开大湾区企业家座谈会,发布时间：2024-02-29 13:31:50,来源：地方频道,https://local.cctv.com/2024/02/29/ARTI18EG89Xw5bnSmRhLOELE240229.shtml
万科集团,共享安徽机遇 共创美好未来  安徽省党政代表团在广州召开大湾区企业家座谈会 韩俊主持并讲话 王清宪通报情况 虞爱华出席,发布时间：2024-02-29 11:19:03,来源：新闻,https://news.cctv.com/2024/02/29/ARTIujRwm8sNMoQFVS9sVSC5240229.shtml
万科集团,从平凡到顶流，烟台山的“破圈”之道,发布时间：2023-12-23 12:22:04,来源：福建频道,https://local.cctv.com/2023/12/23/ARTIYrnlNe34T5ryHasXb7Je231223.shtml
万科集团,兴业银行召开房地产企业座谈会助力构建房地产发展新模式,发布时间：2023-12-21 18:17:18,来源：福建频道,https://local.cctv.com/2023/12/21/ARTIyyi8qNYlxntrYDwODud2231221.shtml
万科集团,中外知名企业家可持续发展对话会在迪拜成功举办,发布时间：2023-12-04 11:36:50,来源：生态环境频道,https://eco.cctv.com/2023/12/04/ARTIMw04tgqlKbwZ3f6REoWt231204.shtml
万科集团,多家银行召开座谈会 将满足房地产企业合理融资需求,发布时间：2023-12-02 06:48:34,来源：新闻,https://news.cctv.com/2023/12/02/ARTIq37eHs8DJOoiAoGUmHko231202.shtml
万科集团,房企融资支持如何实施？“三个不低于”落地预期升温,发布时间：2023-12-01 06:57:34,来源：新闻,https://news.cctv.com/2023/12/01/ARTI5aoleDTzEpqMQAtE2Ijv231201.shtml
万科集团,A股地产企业高管薪资降了多少？降幅最大的少了800万,发布时间：2023-05-11 05:01:10,来源：新闻,https://news.cctv.com/2023/05/11/ARTIBCfQIEeRTbDiViZc01O7230511.shtml
万科集团,韩俊与郁亮举行工作会谈,发布时间：2023-04-23 13:44:56,来源：新闻,https://news.cctv.com/2023/04/23/ARTIW3p55KCGBfLKN485ynRJ230423.shtml
万科集团,政策打出组合拳 金融“稳楼市”力度升级,发布时间：2022-12-02 06:47:06,来源：新闻,https://news.cctv.com/2022/12/02/ARTIWwvsvXebi4FGtdeMJWvF221202.shtml
万科集团,下一位，AI“数字人”,发布时间：2022-07-14 15:33:55,来源：数智频道,https://5gai.cctv.com/2022/07/14/ARTI6bIM2DssLksV4tTbrqQH220713.shtml
万科集团,“一人购房全家帮”，会不会全家被“套牢”？,发布时间：2022-07-04 06:54:38,来源：新闻,https://news.cctv.com/2022/07/04/ARTIBU7r1MMVAxNlY3KbIOzW220704.shtml
万科集团,2021年楼市销售额将再破17万亿元 房企加速缩表静待春日,发布时间：2021-12-30 06:11:23,来源：经济,https://jingji.cctv.com/2021/12/30/ARTI3QHQ8kngT8vH92El5SF6211230.shtml
万科集团,“读懂中国”系列纪录片《是什么造就中国？》将于2022年登陆美国探索频道,发布时间：2021-12-07 08:05:53,来源：新闻,https://news.cctv.com/2021/12/07/ARTIgXzlvnmXDf54XFmSdMyS211207.shtml
万科集团,“2021深圳市大鹏新区招商大会”开启  100多家企业参会签约超400亿,发布时间：2021-10-29 22:08:33,来源：新闻,https://news.cctv.com/2021/10/29/ARTIgsjfMlacsYXeL44LTFeN211029.shtml
万科集团,山西文明守望工程：用文物守护历史、滋养未来,发布时间：2021-04-16 15:45:12,来源：文旅美食,https://culture-travel.cctv.com/2021/04/16/ARTIr3HdrX5FPU9u87IX4dVF210416.shtml
万科集团,建筑业加码全周期“减碳”,发布时间：2021-03-28 17:22:42,来源：新闻,https://news.cctv.com/2021/03/28/ARTIigoYU4K93a8ajKxdFOoI210328.shtml
万科集团,探寻新时代企业家精神 《遇见大咖》第五季聚焦中国企业家的“创新求变”之路,发布时间：2021-01-29 09:38:17,来源：新闻,https://news.cctv.com/2021/01/29/ARTIWBlCjITUnOhJkZQnW0zf210129.shtml
万科集团,两条差评引发舆论危机 企业如何面对消费者差评？,发布时间：2020-10-10 10:32:01,来源：新闻,https://news.cctv.com/2020/10/10/ARTIi655sE0zgUPzuZbbVXNf201010.shtml
万科集团,两条差评引发舆论危机 企业如何面对消费者差评？,发布时间：2020-10-10 09:46:26,来源：经济,https://jingji.cctv.com/2020/10/10/ARTIbG2MfwBBiteKPDfBsGcH201010.shtml
万科集团,整治遏制餐饮浪费行为 不少单位食堂已在行动,发布时间：2020-08-21 07:30:03,来源：新闻,https://news.cctv.com/2020/08/21/ARTIUjBl5dgkjKLf2qVeO10L200821.shtml
万科集团,全国首个集体土地租赁房正式运营,发布时间：2020-07-07 10:37:55,来源：新闻,http://news.cctv.com/2020/07/07/ARTIK8K6zKapoyOE2Mu0Lepz200707.shtml
万科集团,难忘的“世园记忆” 共同的绿色追求——写在北京世园会闭幕之际,发布时间：2019-10-09 00:08:02,来源：新闻,http://news.cctv.com/2019/10/09/ARTIEp9cZCDFl5Bw2X8uVX9q191009.shtml
万科集团,世界500强企业：中国上榜数首超美国 前五名占三位,发布时间：2019-07-22 20:38:35,来源：新闻,http://news.cctv.com/2019/07/22/ARTIvm3vvmbDB6W0p6xgM6X7190722.shtml
万科集团,再迎融资热潮 长租公寓如何盈利仍是必考题,发布时间：2019-04-12 14:56:03,来源：新闻,http://news.cctv.com/2019/04/12/ARTIaymy1QliN2nIUJ1IkekE190412.shtml
万科集团,我国滑雪场数量占全球三分之一 滑雪产业正在“起步区”,发布时间：2019-02-25 10:22:39,来源：文旅美食,https://culture-travel.cctv.com/2019/02/25/ARTIaAsuIM7z4q1jaYRP1QE8190225.shtml
万科集团,北京延庆：“冬奥冰雪之城”的蜕变,发布时间：2019-02-02 17:22:15,来源：体育,http://sports.cctv.com/2019/02/02/ARTIiTyWWS28WQYeD1CsjoUw190202.shtml
万科集团,楼市调控持续 房企竞相创新突围,发布时间：2018-06-24 07:13:52,来源：经济,http://jingji.cctv.com/2018/06/24/ARTIxeLRihh6E5pNcNfykjUR180624.shtml
万科集团,养老地产“成长”困局：面临投资期长、收益低等问题,发布时间：2018-01-26 09:35:52,来源：经济,http://jingji.cctv.com/2018/01/26/ARTI1GE01gY0ZkCI4rfZzY1t180126.shtml
万科集团,【网络媒体走转改】从“蜀道难”到“神鸟展翼”：成都空港新城驱动城市永续发展 助力“交通强国”建设,发布时间：2018-01-24 20:36:51,来源：新闻,http://news.cctv.com/2018/01/24/ARTIy1Q3E72ZViWma2w1YUVp180124.shtml
万科集团,北京世园会植物馆方案发布：将汇聚逾600种珍稀植物,发布时间：2018-01-11 09:28:14,来源：文旅美食,https://culture-travel.cctv.com/2018/01/11/ARTIPWmyR9xgkQuAoMirRS53180111.shtml
万科集团,北京世园会植物馆方案发布：将汇聚逾600种珍稀植物,发布时间：2018-01-10 16:26:57,来源：新闻,http://news.cctv.com/2018/01/10/ARTI13vEHGSFKZt5vCwdw9D8180110.shtml
万科集团,中国多地土拍租赁地高频亮相 高价地“谢幕”自持“兴起”,发布时间：2018-01-09 16:09:01,来源：新闻,http://news.cctv.com/2018/01/09/ARTIzmlq6S8wkkslI6Xsk456180109.shtml
万科集团,万科表示目前并未与雄安新区签署任何合作协议,发布时间：2017-07-12 13:10:54,来源：经济,http://jingji.cctv.com/2017/07/12/ARTI1Aebr0y6O49JcxQo3nwo170712.shtml
万科集团,万科董事会换届方案出炉，王石退位郁亮领衔新万科,发布时间：2017-06-21 10:07:46,来源：经济,http://jingji.cctv.com/2017/06/21/ARTI4ZOG6XzASHQNaqFTI5LE170621.shtml
万科集团,“爱的长江∙爱的背包”亮相纽约时代广场,发布时间：2017-06-14 11:56:44,来源：公益频道,http://gongyi.cctv.com/2017/06/14/ARTIhGu5KKDjR5w5ojAviIzX170614.shtml
万科集团,5月成为房企销售年内最差月份 准备迎接下行周期,发布时间：2017-06-09 09:21:32,来源：经济,http://jingji.cctv.com/2017/06/09/ARTIJVxYrqGwOh67UG6CY13u170609.shtml
万科集团,"远东慈善基金会助力鸿基金公益学院 共议""改变世界的力量""",发布时间：2017-05-31 15:28:00,来源：公益频道,http://gongyi.cctv.com/2017/05/31/ARTIyEOucbouBSP5ULZiW1O8170531.shtml
万科集团,上市房企热衷于布局医教领域,发布时间：2017-05-30 11:13:07,来源：经济,http://jingji.cctv.com/2017/05/30/ARTIDPB2jZAjEdP5oQERZZnO170530.shtml
万科集团,共享办公成投资新热点 大幅降低办公租赁成本,发布时间：2017-04-27 10:55:24,来源：新闻,http://shengai.cctv.com/2017/04/27/ARTIQUXProGYWvYE8kbnMejI170427.shtml
万科集团,体育小镇崛起，这些新动向你必须知道,发布时间：2017-04-25 09:32:20,来源：体育,http://sports.cctv.com/2017/04/25/ARTINeESG8ot1Lt7NCViJa7Z170425.shtml
万科集团,万科30亿增资链家背后：利润空间受挤压寻找新突破口,发布时间：2017-04-24 12:04:16,来源：经济,http://jingji.cctv.com/2017/04/24/ARTI9Dm4q8YzNow6kySukPZG170424.shtml
万科集团,首届全国体育小镇高端闭门研讨会在杭州举办,发布时间：2017-04-18 16:33:05,来源：体育,http://sports.cctv.com/2017/04/18/ARTIikJXfLxyiHZbfjHItLXG170418.shtml
万科集团,"南方三省冰雪运动热度:""冰雪""下江南 哪些喜与忧",发布时间：2017-04-09 17:08:40,来源：新闻,http://news.cctv.com/2017/04/09/ARTIfGiD4PcmWJQtM48CRPeW170409.shtml
万科集团,花几百万租一辈子 小米员工“半价房”到底怎么样,发布时间：2017-03-28 09:49:00,来源：经济,http://jingji.cctv.com/2017/03/28/ARTIn8r5Oofa18Pvc8mrf0Kk170328.shtml
万科集团,中美商界人士看好两国经贸合作前景,发布时间：2017-03-18 10:22:10,来源：新闻,http://news.cctv.com/2017/03/18/ARTIDLzjN63evcX6FKz2a9ss170318.shtml
万科集团,华润退出深铁加入 万宝之争“暂歇”,发布时间：2017-01-15 16:10:56,来源：新闻,http://news.cctv.com/2017/01/15/ARTIa3oAPSq3AhmDWRMawC4i170115.shtml
万科集团,深圳地铁接盘华润持股 “万科之争”迎来转机？,发布时间：2017-01-13 09:13:00,来源：经济,http://jingji.cctv.com/2017/01/13/ARTIlfIAJuDsumZG7onyj5Ya170113.shtml
万科集团,深圳地铁接盘华润持股 “万科之争”迎来转机？,发布时间：2017-01-13 01:16:51,来源：新闻,http://news.cctv.com/2017/01/13/ARTIT3pnt5mk5bqTDI47CjTR170113.shtml
万科集团,房企3000亿阵营扩容 行业资产加速向大房企集中,发布时间：2016-12-16 15:10:42,来源：经济,http://jingji.cctv.com/2016/12/16/ARTI5qstg4Nv50JA99YTdUyf161216.shtml
万科集团,楼市降温部分业主逆势抬价 专家：需理性报价,发布时间：2016-11-23 21:00:32,来源：经济,http://jingji.cctv.com/2016/11/23/ARTIXVUmMyFc4kM0IGh3PgkO161123.shtml
万科集团,楼市降温部分业主逆势抬价 专家：需理性报价,发布时间：2016-11-23 17:28:21,来源：经济,http://jingji.cctv.com/2016/11/23/ARTI5iqOZeIxEQlqjs6aHe1t161123.shtml
万科集团,调控之后的楼市会走向何方？——三问房地产业发展走向,发布时间：2016-11-20 12:53:41,来源：经济,http://jingji.cctv.com/2016/11/20/ARTIqbqkIk9jnCqnGq65Mai9161120.shtml
万科集团,三问房地产业发展走向：调控之后的楼市会走向何方？,发布时间：2016-11-20 12:05:34,来源：新闻,http://news.cctv.com/2016/11/20/ARTIVh4Hiy6MRhCuCtLmVarb161120.shtml
万科集团,房企拆分物业上市成新风潮 下个首富或诞生于物业领域？,发布时间：2016-11-11 16:17:34,来源：经济,http://jingji.cctv.com/2016/11/11/ARTIwsDrEZYMnfxGmwJWtGsP161111.shtml
万科集团,五大动向读懂大众消费时代 供给侧的市场变革,发布时间：2016-10-19 10:40:53,来源：新闻,http://shengai.cctv.com/2016/10/19/ARTINNBpTfa1omgj2aps97iS161019.shtml
万科集团,房企扎堆进军养老地产：盈利的“硬骨头”怎么啃,发布时间：2016-08-31 01:09:22,来源：新闻,http://news.cctv.com/2016/08/31/ARTIuObXiHCrqNwvYNMVhm8S160831.shtml
万科集团,一文读懂万科中期业绩发布会 回应恒大入股等热点问题,发布时间：2016-08-22 17:16:45,来源：经济,http://jingji.cctv.com/2016/08/22/ARTI919nH2u88Gm8goLXRmQj160822.shtml
万科集团,二线城市楼市火爆 郑州惊现年内第八个“地王”,发布时间：2016-08-19 13:51:21,来源：经济,http://jingji.cctv.com/2016/08/19/ARTIJVrpHzwmTX85gMkMeMQ0160819.shtml
万科集团,恒大持股万科逼近举牌线 万科股权之争再添变数？,发布时间：2016-08-05 10:15:03,来源：经济,http://jingji.cctv.com/2016/08/05/ARTI4vrAA0IDmydexz0E7hc4160805.shtml
万科集团,恒大持股万科逼近举牌线 万科股权之争或再添变数,发布时间：2016-08-04 22:17:08,来源：新闻,http://news.cctv.com/2016/08/04/ARTIxJjSBi2kLc9TRJynvjzk160804.shtml
万科集团,涉事三方均发声：“万科将变身国有控股”传闻不实,发布时间：2016-07-13 10:39:40,来源：经济,http://jingji.cctv.com/2016/07/13/ARTIxjO1Nyl80zr2nlbRKbaI160713.shtml
万科集团,北上深中心区房价超每平7万 一线城市趋“豪宅化”,发布时间：2016-07-05 02:10:43,来源：新闻,http://news.cctv.com/2016/07/05/ARTINOW7chsGBMgxWdHTBOeE160705.shtml
万科集团,华润发声明对万科重组方案强烈不满 还将投反对票,发布时间：2016-06-19 11:10:05,来源：经济,http://jingji.cctv.com/2016/06/19/ARTIi72W2Y4nW5FYUnJqI9kX160619.shtml
万科集团,华润发声明对万科重组方案强烈不满 还将投反对票,发布时间：2016-06-19 05:59:50,来源：经济,http://jingji.cctv.com/2016/06/19/ARTIRsabLlGbpGy2T0UQSaRR160619.shtml
万科集团,深圳地铁456亿入主万科 成最大股东,发布时间：2016-06-18 14:41:07,来源：新闻,http://news.cctv.com/2016/06/18/ARTIHoBkALEFiZ99gnrfeDnS160618.shtml
万科集团,万科重组预案本周公布 深铁距大股东地位近在咫尺,发布时间：2016-06-13 13:13:52,来源：经济,http://jingji.cctv.com/2016/06/13/ARTIYKnsbvNZg1nHfwHIBqdG160613.shtml
万科集团,最好的时代 两岸青年携手追逐创业梦想,发布时间：2016-06-12 10:44:39,来源：新闻,http://news.cctv.com/2016/06/12/ARTIKdmjPDRXqaXiKdIqwZ9r160612.shtml
万科集团,如何担起科技创新的使命？全国科技创新大会今日召开,发布时间：2016-05-30 21:04:30,来源：新闻,http://news.cctv.com/2016/05/30/ARTIyiFLRyDoJIfWySuywfd4160530.shtml
万科集团,科技改变中国 创新驱动未来——写在全国科技创新大会召开前夕,发布时间：2016-05-29 19:15:08,来源：新闻,http://news.cctv.com/2016/05/29/ARTI1IU7OBwXGfC274g7RsTN160529.shtml
万科集团,万科与深圳地铁达成合作意向 宝万之争暂告一段落,发布时间：2016-03-15 03:37:59,来源：经济,http://jingji.cctv.com/2016/03/15/ARTIxq3yCh43dLwSG5kL9S1l160315.shtml
万科集团,万科A股复牌时间或再延期 公告称或将停牌至6月18日,发布时间：2016-01-30 14:44:07,来源：经济,http://jingji.cntv.cn/2016/01/30/ARTI2n4Ybk59FOHETvzLZXPl160130.shtml
万科集团,万科A复牌时间或再延期 或将继续停牌至6月18日,发布时间：2016-01-30 10:46:24,来源：新闻,http://news.cntv.cn/2016/01/30/ARTIp3RQAidZ3O5jCxqRZCgD160130.shtml
万科集团,万科2015全年销售额2614.7亿元 稳坐头把交椅,发布时间：2016-01-08 06:28:28,来源：经济,http://jingji.cntv.cn/2016/01/08/ARTItX0vtjdCyZQYuUGtPcQp160108.shtml
万科集团,万科高级副总裁辞职 业内人士称或与资管计划有关,发布时间：2016-01-02 04:41:20,来源：经济,http://jingji.cntv.cn/2016/01/02/ARTI1451680761664447.shtml
万科集团,万科股权宫斗戏反转 万科安邦深夜宣布“在一起”,发布时间：2015-12-24 11:47:05,来源：新闻,http://news.cntv.cn/2015/12/24/ARTI1450928669356599.shtml
万科集团,万科股权宫斗戏反转 万科安邦深夜宣布“在一起”,发布时间：2015-12-24 05:56:04,来源：经济,http://jingji.cntv.cn/2015/12/24/ARTI1450907575006970.shtml
万科集团,北京西南六环外楼面单价首破3万元,发布时间：2015-11-19 17:23:28,来源：新闻,http://news.cntv.cn/2015/11/19/ARTI1447924932029682.shtml
万科集团,专家学者谈中美新型大国关系建设,发布时间：2015-09-22 10:24:09,来源：新闻,http://news.cntv.cn/2015/09/22/ARTI1442888579188152.shtml
万科集团,专家学者谈中美新型大国关系建设,发布时间：2015-09-22 10:05:41,来源：新闻,http://news.cntv.cn/2015/09/22/ARTI1442887414798839.shtml
万科集团,给城市一次生命，穿梭在城市与人之间的城市镌刻师,发布时间：2015-09-17 16:57:10,来源：经济,http://jingji.cntv.cn/2015/09/17/ARTI1442479667115273.shtml
万科集团,美国西部快线高铁等三大项目开启中美经济合作新里程,发布时间：2015-09-17 15:53:49,来源：新闻,http://news.cntv.cn/2015/09/17/ARTI1442476367263780.shtml
万科集团,美国西部快线高铁等中美合作三大项目亮相,发布时间：2015-09-17 14:46:49,来源：新闻,http://news.cntv.cn/2015/09/17/ARTI1442472383141853.shtml
万科集团,《对话》：一代人的英语教父俞敏洪原来英语并不好？,发布时间：2015-07-10 14:52:40,来源：经济,http://jingji.cntv.cn/2015/07/10/ARTI1436510918746289.shtml
万科集团,万达万科两巨头“联姻”,发布时间：2015-05-15 10:11:16,来源：经济,http://jingji.cntv.cn/2015/05/15/ARTI1431655849079484.shtml
万科集团,郁亮：把员工健康纳入管理 推动健康传递公益,发布时间：2015-05-13 16:50:50,来源：体育,http://sports.cntv.cn/2015/05/13/ARTI1431506021566206.shtml
万科集团,2015中国体育公益论坛：扩大体育公益的影响力,发布时间：2015-05-13 16:12:37,来源：体育,http://sports.cntv.cn/2015/05/13/ARTI1431504601399572.shtml
万科集团,华尔街之王的育儿经,发布时间：2015-04-10 10:41:46,来源：经济,http://jingji.cntv.cn/2015/04/10/ARTI1428633641037985.shtml
万科集团,华尔街之王苏市民《对话》为你解读：红火的中国股市还能持续多久？,发布时间：2015-04-10 10:40:31,来源：经济,http://jingji.cntv.cn/2015/04/10/ARTI1428633582929951.shtml
万科集团,华尔街之王——苏世民（史蒂夫·施瓦茨曼）中国首秀《对话》揭秘：将来美国对待亚投行的态度会是什么？,发布时间：2015-04-10 10:39:29,来源：经济,http://jingji.cntv.cn/2015/04/10/ARTI1428633443674240.shtml
万科集团,《对话》与全球最大私募股权投资基金CEO—苏世民畅聊财富神话：“ 7亿美元年薪其实亏待我了！”,发布时间：2015-04-10 09:29:40,来源：经济,http://jingji.cntv.cn/2015/04/10/ARTI1428629096038742.shtml
万科集团,明星高管创业激情不减 民生“一股独大”遭质疑,发布时间：2015-03-13 07:36:57,来源：经济,http://jingji.cntv.cn/2015/03/13/ARTI1426203387761820.shtml
万科集团,业内人士：北京楼市普通商品房价将入6万元时代,发布时间：2015-01-08 16:45:07,来源：新闻,http://news.cntv.cn/2015/01/08/ARTI1420706630303451.shtml
万科集团,戴玉强央视网开讲 “戴你唱歌”元旦启程,发布时间：2014-12-30 10:08:42,来源：新闻,http://news.cntv.cn/2014/12/30/ARTI1419905267395419.shtml
万科集团,中国房地产进入“新常态” 深度调整加快转型成共识,发布时间：2014-12-15 17:07:46,来源：经济,http://jingji.cntv.cn/2014/12/15/ARTI1418634168640621.shtml
万科集团,天商联合会宣告成立 陈东升当选首任会长(图),发布时间：2014-11-09 15:47:17,来源：新闻,http://news.cntv.cn/2014/11/09/ARTI1415519207990197.shtml
腾讯,拥抱以人为本、智能向善的数字未来,发布时间：2024-11-24 09:51:28,来源：新闻,https://news.cctv.com/2024/11/24/ARTIJ5pQ08SyE8pCAut7q63f241124.shtml
腾讯,各国嘉宾齐聚乌镇 探讨数智时代下的未成年人保护,发布时间：2024-11-23 14:21:26,来源：公益频道,https://gongyi.cctv.com/2024/11/23/ARTI3mBQc4mpHY4E16K1Xmj5241123.shtml
腾讯,全球未成年人网络保护经验汇聚乌镇,发布时间：2024-11-23 14:11:16,来源：公益频道,https://gongyi.cctv.com/2024/11/23/ARTINI8hdZCQNNiG2v5WzjkA241123.shtml
腾讯,多项新技术亮相2024年世界互联网大会乌镇峰会,发布时间：2024-11-22 11:57:55,来源：新闻,https://news.cctv.com/2024/11/22/ARTIaG4UdYLKg9dX0rAMcuKX241122.shtml
腾讯,2024年世界互联网大会乌镇峰会未成年人网络保护论坛举行,发布时间：2024-11-22 09:13:38,来源：新闻,https://news.cctv.com/2024/11/22/ARTI7G91QS0s0tdEkEHK8NAO241122.shtml
腾讯,2024年世界互联网大会乌镇峰会未成年人网络保护论坛举行,发布时间：2024-11-21 21:23:24,来源：新闻,https://news.cctv.com/2024/11/21/ARTI1ov7b12FZ4XKoYFjbFQM241121.shtml
腾讯,让AI人人可享人人受益,发布时间：2024-11-21 13:15:48,来源：产业+,https://business.cctv.com/2024/11/21/ARTI8GIGzQZDsHSB9w1QnCKF241121.shtml
腾讯,2024年世界互联网大会领先科技奖颁奖典礼举行,发布时间：2024-11-20 09:52:02,来源：新闻,https://news.cctv.com/2024/11/20/ARTITX4rGhl6U8ZCeeluJbEa241120.shtml
腾讯,中国信通院发布“方升”大模型基准测试系列成果,发布时间：2024-11-18 17:34:28,来源：产业+,https://business.cctv.com/2024/11/18/ARTIaLMXwh2DUlD8EtDjYOIO241118.shtml
腾讯,曹立军在全市民营经济高质量发展座谈会上强调：以更大力度更实举措更优环境支持民营企业做优做强，推动民营经济高质量发展,发布时间：2024-11-18 16:30:04,来源：地方频道,https://local.cctv.com/2024/11/18/ARTITbxJA9JqV9QtMU340Y6J241118.shtml
腾讯,成都AG超玩会夺得首个KPL年度总决赛冠军,发布时间：2024-11-17 15:54:23,来源：体育,https://sports.cctv.com/2024/11/17/ARTIIPWQlxZLNsuxJDCbVC8P241117.shtml
腾讯,东风汽车三品牌组团登陆广州车展 多款车型亮相发布,发布时间：2024-11-15 22:47:02,来源：汽车频道,https://auto.cctv.com/2024/11/15/ARTIvYojh3GjuW88McIZyGFW241115.shtml
腾讯,总台超高清电视大小屏融合传播研讨会在京召开,发布时间：2024-11-15 17:37:02,来源：总台之声,https://www.cctv.com/2024/11/15/ARTIIrtsdfQlCKaqOB80E73V241115.shtml
腾讯,广州国际媒体港·东塔：构建世界级地标商圈综合体，打造国际文化科技总部,发布时间：2024-11-15 12:39:33,来源：地方频道,https://local.cctv.com/2024/11/15/ARTIjGCKtGJOwTEsKupLXj4R241115.shtml
腾讯,成都传媒集团诚邀业内人士在蓉共商开放合作互利共赢智媒体路径,发布时间：2024-11-15 10:59:49,来源：新闻,https://news.cctv.com/2024/11/15/ARTIpaWRJ1MrTQQh7EhAVY96241115.shtml
腾讯,"“AI+出海”助力新芽突破，<font color=""red"">腾讯</font>三季度实现营收1671.93亿元",发布时间：2024-11-13 17:51:52,来源：经济,https://jingji.cctv.com/2024/11/13/ARTITqwFAjhysBSVypmEhwxe241113.shtml
腾讯,中国电影电视技术学会2024年学术年会在福州圆满结束,发布时间：2024-11-12 18:02:12,来源：AIGC频道,https://aigc.cctv.com/2024/11/12/ARTIUIGoVfEcfkq5ie6qchVO241112.shtml
腾讯,传承红色基因 奋进伟大时代,发布时间：2024-11-11 19:00:57,来源：科教,https://kejiao.cctv.com/2024/11/11/ARTIEPoNOaLOSFfjrh95D0wH241111.shtml
腾讯,深圳获“世界智慧城市大奖” 生动诠释超大城市社会治理全球影响力,发布时间：2024-11-08 15:19:49,来源：经济,https://jingji.cctv.com/2024/11/08/ARTIx7gzShFY0xkjeCKbLTMI241108.shtml
腾讯,中医药传承创新前瞻论坛将在雄安召开,发布时间：2024-11-07 16:04:01,来源：产业+,https://business.cctv.com/2024/11/07/ARTIn3TotsEC3Bkv3qzP1BtA241107.shtml
腾讯,重大革命题材电视剧《西北岁月》11月5日开播,发布时间：2024-11-06 06:51:41,来源：新闻,https://news.cctv.com/2024/11/06/ARTINL6F4NImfLeuT1sUmZcj241106.shtml
腾讯,“数据要素×”大赛宁夏分赛吹响百日攻坚“冲锋号”,发布时间：2024-11-05 18:49:55,来源：地方频道,https://local.cctv.com/2024/11/05/ARTIBttjTdVWoIDrAvRczJME241105.shtml
腾讯,“剧”有品质！《光影临汾·中国精品微短剧之夜》不负期待,发布时间：2024-11-05 09:56:00,来源：新闻,https://news.cctv.com/2024/11/05/ARTItY2Pj3K90RvyFWebRNI1241105.shtml
腾讯,2024科学WE大会亮相成都 五位世界顶级科学家分享前沿突破,发布时间：2024-11-04 14:54:47,来源：新闻,https://news.cctv.com/2024/11/04/ARTI2SwqsH6lgOBCRazsdKwK241104.shtml
腾讯,超高清产业面向2030发展趋势（UWA2030）研讨会在深圳顺利召开,发布时间：2024-11-01 12:18:28,来源：经济,https://jingji.cctv.com/2024/11/01/ARTIMY94I7ylbMqIxTGZmE7Q241101.shtml
腾讯,交通运输部：网约车9月份共收到订单信息9.89亿单，环比下降3.9%,发布时间：2024-11-01 12:08:15,来源：新闻,https://news.cctv.com/2024/11/01/ARTIi9PI13h7X9vUpyz35cJ7241101.shtml
腾讯,聊聊“正确的事”，WISE2024商业之王大会即将举办,发布时间：2024-11-01 10:03:35,来源：产业+,https://business.cctv.com/2024/11/01/ARTIl80xu3GTftwK43VH5jOQ241101.shtml
腾讯,汇聚佳作，共话发展，中国精品微短剧文艺创作暨城市产业发展分享会举行,发布时间：2024-10-27 09:01:09,来源：新闻,https://news.cctv.com/2024/10/27/ARTInnhPwlBuVU6c62fZFQqz241027.shtml
腾讯,通过共享屏幕诈骗学生 警方揭秘诈骗新手法,发布时间：2024-10-27 06:30:24,来源：新闻,https://news.cctv.com/2024/10/27/ARTIKliRTsSD2brpqC2BVFfo241027.shtml
腾讯,通信行业拥抱AI浪潮加速“出海”,发布时间：2024-10-25 11:42:26,来源：数智频道,https://5gai.cctv.com/2024/10/25/ARTI6ZXWWEh8zgoN5hHUf98h241021.shtml
腾讯,海外传播，让世界看到华夏之美,发布时间：2024-10-23 17:35:24,来源：央视网才艺,https://caiyi.cctv.com/2024/10/23/ARTImtdzJc3QKaRbQcWBp4lR241022.shtml
腾讯,好剧不断，新剧上新！总台央视频《光影临汾·中国精品微短剧之夜》隆重举行,发布时间：2024-10-23 10:19:33,来源：新闻,https://news.cctv.com/2024/10/23/ARTIhCfHW0694kDc2piPydp2241023.shtml
腾讯,濮院：从历史古镇到时尚电竞新地标,发布时间：2024-10-22 14:12:58,来源：体育,https://sports.cctv.com/2024/10/22/ARTIwA90I9bLt5ny8Vo6OIo0241022.shtml
腾讯,如何思变求新，构建良好高中教育新生态？——专访北京一零一中学党委书记、校长熊永昌,发布时间：2024-10-22 12:07:09,来源：教育,https://edu.cctv.com/2024/10/22/ARTIe3sETHf9Ksvv9b8t0L2j241021.shtml
腾讯,中国精品微短剧产业暨全屏矩阵联盟，全新起航！,发布时间：2024-10-18 19:00:20,来源：总台之声,https://www.cctv.com/2024/10/18/ARTIjQNGZUsOMH3trACPKWL7241018.shtml
腾讯,共话银杏谷公益品牌发展，探索乡村振兴传播新模式,发布时间：2024-10-18 10:48:06,来源：乡村振兴,https://xczx.cctv.com/2024/10/18/ARTITXFNpvBCXSBVD3V8181a241018.shtml
腾讯,织梦于古竞美于今 时尚+电竞为古镇“濮”新篇,发布时间：2024-10-17 22:39:02,来源：体育,https://sports.cctv.com/2024/10/17/ARTIaGPmb2OlboqQslIArzsV241017.shtml
腾讯,“暖城”送暖，“剧”力向前！微短剧打开生态化发展新局面,发布时间：2024-10-16 15:21:01,来源：总台之声,https://www.cctv.com/2024/10/16/ARTISz8RgiwTuEOtFPieUFQ9241016.shtml
腾讯,电视剧《日光之城》带动拉萨“文旅热”,发布时间：2024-10-15 20:20:33,来源：新闻,https://news.cctv.com/2024/10/15/ARTI0rBbjMZKh9YV4Ru09tPY241015.shtml
腾讯,2024中国民营企业500强报告出炉：民企成科技创新重要主体  互联网行业研发投入领先,发布时间：2024-10-13 12:39:18,来源：经济,https://jingji.cctv.com/2024/10/13/ARTIwbpxT1uUnMbSx6rHVpLq241013.shtml
腾讯,濮院时尚古镇与潮流电竞的碰撞！2024年濮院电竞周亮点抢先看,发布时间：2024-10-13 11:33:25,来源：体育,https://sports.cctv.com/2024/10/13/ARTIbXnqkuwpOBDHoVjuKFLg241013.shtml
腾讯,2024年“世界精神卫生日” 总台社教节目中心推出【全民心理健康 我们在行动】直播节目,发布时间：2024-10-11 13:22:25,来源：新闻,https://news.cctv.com/2024/10/11/ARTI1BdGipnrBxl2gav0Cp98241011.shtml
腾讯,特稿｜展独特魅力 促文明交融——世界感受中国文化绽放新时代风采,发布时间：2024-10-07 20:19:17,来源：新闻,https://news.cctv.com/2024/10/07/ARTIQO5g5SgUOin2dlvg63uW241007.shtml
腾讯,深圳南山：继续耕耘好改革开放“试验田”｜南方眼·观南山,发布时间：2024-10-06 15:06:09,来源：地方频道,https://local.cctv.com/2024/10/06/ARTIl9CbNZNgUGFcqWveTfnI241006.shtml
腾讯,濮院电竞周：王者荣耀全国大赛新能源车企群雄争霸赛，荣耀开启！,发布时间：2024-10-02 16:45:10,来源：体育,https://sports.cctv.com/2024/10/02/ARTIkzHPFUlru1jvFh6nsosd241002.shtml
腾讯,到乡村，寻味人间烟火——文化和旅游部推出85条“人间有味 自在乡村”精品线路,发布时间：2024-09-30 15:50:19,来源：产业+,https://business.cctv.com/2024/09/30/ARTI69hjzFhWLQ9rZ4juzZab240930.shtml
腾讯,第四届中国新电商大会丨吉林省文化和旅游厅厅长孙光芝：共同探讨新电商与文旅深度融合的创新实践,发布时间：2024-09-30 11:34:23,来源：公益频道,https://gongyi.cctv.com/2024/09/30/ARTIqKQJt9TULyyXfffukcum240930.shtml
腾讯,“e起绽放吧”晚会燃动全场！两岸青年共赴青春派对,发布时间：2024-09-27 09:04:22,来源：新闻,https://news.cctv.com/2024/09/27/ARTIpwTyAMHLCiHXR49fZQYi240927.shtml
腾讯,2024乡村人才振兴促进共同富裕大会召开,发布时间：2024-09-26 19:53:37,来源：央视网报,https://city.news.cctv.com/2024/09/26/ARTIMgI3rWabgUq8tH9NXwCi240926.shtml
腾讯,“飞天”“星光”揭晓 厦门再兴影视风云,发布时间：2024-09-26 10:38:52,来源：福建频道,https://local.cctv.com/2024/09/26/ARTIYmqALhKxRhaTlZtsMESC240926.shtml
腾讯,“锡有‘影’力·技术赋能”数字文旅论坛举行,发布时间：2024-09-25 23:18:27,来源：公益频道,https://gongyi.cctv.com/2024/09/25/ARTIOmkJ4CptRUYrzzHY8gVH240925.shtml
腾讯,"落地了超1300家，<font color=""red"">腾讯</font>健康AI大模型商业化加速跑",发布时间：2024-09-25 11:47:57,来源：产业+,https://business.cctv.com/2024/09/25/ARTI6FcVewYjkhY3K8qjxWi6240925.shtml
腾讯,从“做加法”到“做乘法”，2025春夏上海时装周创新驱动打造产业新生态,发布时间：2024-09-24 12:01:11,来源：时尚,https://style.cctv.com/2024/09/24/ARTIFjHyT3KdpbNeWEbKw8j2240924.shtml
腾讯,智能社会治理系列•文化繁荣兴盛下网络游戏发展与治理学术研讨会成功举办,发布时间：2024-09-23 19:42:12,来源：新闻,https://news.cctv.com/2024/09/23/ARTIgHJKBKQhznGBnIiCa5vS240923.shtml
腾讯,2024广西智慧文旅行业交流大会在南宁举办,发布时间：2024-09-23 18:04:47,来源：地方频道,https://local.cctv.com/2024/09/23/ARTIS0imPU8pySukWf0aUkF4240923.shtml
腾讯,深化文化交流 实现共同进步——2024北京文化论坛观察,发布时间：2024-09-23 12:16:26,来源：新闻,https://news.cctv.com/2024/09/23/ARTI8SsWdPi3zlfUBnu11eLR240923.shtml
腾讯,“北京中轴线”申遗成功背后的故事,发布时间：2024-09-23 11:32:37,来源：文旅美食,https://culture-travel.cctv.com/2024/09/23/ARTIQmNYkqqGJlx99xJQ7d3a240923.shtml
腾讯,绘就文明交流与文化发展画卷——2024北京文化论坛闭幕,发布时间：2024-09-22 17:38:28,来源：新闻,https://news.cctv.com/2024/09/22/ARTI3gLi5q42dufy3nW80573240922.shtml
腾讯,中国广电携手网络视听平台重温经典 献礼新中国成立75周年,发布时间：2024-09-20 09:55:49,来源：新闻,https://news.cctv.com/2024/09/20/ARTIUOonvOF4NKHbVPVMBSkU240920.shtml
腾讯,中非多领域合作持续“向新”,发布时间：2024-09-19 11:49:54,来源：新闻,https://news.cctv.com/2024/09/19/ARTIYgw6qXqriUgqvzXbwRL1240919.shtml
腾讯,深港产业“双向奔赴” 首届大湾区动漫电玩节在深闭幕,发布时间：2024-09-18 15:41:19,来源：地方频道,https://local.cctv.com/2024/09/18/ARTIHsfxdsb23arvVGykNTAF240918.shtml
腾讯,SS25中国国际时装周辉煌「盛」放，引领中国时尚产业质态跃升,发布时间：2024-09-18 14:34:33,来源：时尚,https://style.cctv.com/2024/09/18/ARTIsr3Cd0EIYht3kv0NH9vP240918.shtml
腾讯,“加大在中国的创新发展是坚定承诺”,发布时间：2024-09-17 10:12:43,来源：新闻,https://news.cctv.com/2024/09/17/ARTIXiuhg98d6sEi1N1QeEE7240917.shtml
腾讯,队史联赛第二冠！成都AG超玩会夺得KPL夏季赛冠军,发布时间：2024-09-17 09:05:26,来源：体育,https://sports.cctv.com/2024/09/17/ARTIJgsM1acyUV0kK9EDoqRL240917.shtml
腾讯,2024服贸会新观察：从展会细节看金融开放,发布时间：2024-09-15 20:00:56,来源：经济,https://jingji.cctv.com/2024/09/15/ARTIs74dJqApf6UjZ7pYPDuU240915.shtml
腾讯,走进鄂尔多斯市高新区 体验企业高质量发展,发布时间：2024-09-13 15:42:46,来源：地方频道,https://local.cctv.com/2024/09/13/ARTIM2Ur6SwqHMr4oW5EKVkr240913.shtml
腾讯,以爱之名，共启“象善”公益新程,发布时间：2024-09-13 13:39:05,来源：地方频道,https://local.cctv.com/2024/09/13/ARTImO0kZwamJz4ggCwrlVVc240913.shtml
腾讯,久久公益节实现7亿次公益连接  最快捐款执行反馈次日已达,发布时间：2024-09-10 13:11:52,来源：新闻,https://news.cctv.com/2024/09/10/ARTIzqO0X1KHPgjse7Y7rnKn240910.shtml
腾讯,峰会前沿│长沙全力打造中国产业互联网平台中部第一城,发布时间：2024-09-09 20:53:22,来源：地方频道,https://local.cctv.com/2024/09/09/ARTIT1PBD7Oe5rT6I0ojU3Y9240909.shtml
腾讯,峰会前沿│湖南AI新篇章：数据标注联盟启航，数实融合高效推进,发布时间：2024-09-09 19:56:34,来源：地方频道,https://local.cctv.com/2024/09/09/ARTIV4PBuSjvgarkdjgoN9lW240909.shtml
腾讯,颜宁再谈AI医疗：对风险防范有所认知，才能真正用好技术,发布时间：2024-09-09 15:15:12,来源：产业+,https://business.cctv.com/2024/09/09/ARTIFnZeNcZEplDhWhW31M1k240909.shtml
腾讯,AI智能体生态愈发繁荣 头部厂商抢先布局,发布时间：2024-09-09 10:44:36,来源：产业+,https://business.cctv.com/2024/09/09/ARTIepBn6ozC67okzTeT6mdL240909.shtml
腾讯,岳麓峰会特稿 | “峰”华正茂，向新十年！,发布时间：2024-09-07 12:00:12,来源：地方频道,https://local.cctv.com/2024/09/07/ARTIhE2nNcMt7YCPcBH6489U240907.shtml
腾讯,以融合创新促高质量发展——“中国微短剧品质东方计划”在沪发布,发布时间：2024-09-07 11:14:30,来源：产业+,https://business.cctv.com/2024/09/07/ARTIwBB52WRXlXTvu078t5Sm240907.shtml
腾讯,2024年世界互联网大会“互联网之光”博览会推介会在北京举办,发布时间：2024-09-06 19:34:18,来源：新闻,https://news.cctv.com/2024/09/06/ARTI5bu6pjIRgPI0TLbJZ1bw240906.shtml
腾讯,个人信息保护分论坛,发布时间：2024-09-06 14:55:11,来源：地方频道,https://local.cctv.com/2024/09/06/ARTIYyMoMoDUPhMcHxX59wrA240906.shtml
腾讯,青少年网络保护分论坛,发布时间：2024-09-06 14:30:12,来源：地方频道,https://local.cctv.com/2024/09/06/ARTI6aTSzEUiYvI4ek4cNYQJ240906.shtml
腾讯,我的门票去哪儿了,发布时间：2024-09-05 11:37:02,来源：新闻,https://news.cctv.com/2024/09/05/ARTIrzSfHP00vwG5btmY7nbf240905.shtml
腾讯,以融合创新促高质量发展——“中国微短剧品质东方计划”在沪发布,发布时间：2024-09-04 15:56:33,来源：新闻,https://news.cctv.com/2024/09/04/ARTIVlCjxDzJ9lhuY0pE5um5240904.shtml
腾讯,人“旺”财“不旺” 网红城市如何转化“泼天流量”？,发布时间：2024-09-03 06:31:06,来源：新闻,https://news.cctv.com/2024/09/03/ARTI4zYWPK6LMC7O24tdMoKm240903.shtml
腾讯,22个项目签约 武汉汉阳文化创意城大会举行,发布时间：2024-08-30 16:12:17,来源：地方频道,https://local.cctv.com/2024/08/30/ARTIZtWdn0smnvA70W1zs9MJ240830.shtml
腾讯,中国网络文明大会未来之夜：与光同行 谱写“中国维度”华章,发布时间：2024-08-30 14:36:42,来源：光华锐评频道,https://ghrp.cctv.com/2024/08/30/ARTIkNPPMJ4hZ8Fi8AY4Am7D240830.shtml
腾讯,让文明风尚充盈网络空间,发布时间：2024-08-30 10:58:02,来源：新闻,https://news.cctv.com/2024/08/30/ARTIQu1AnpUOYLLKzUikDr5c240830.shtml
腾讯,共绘网络文明新图景——2024年中国网络文明大会观察,发布时间：2024-08-30 10:57:54,来源：新闻,https://news.cctv.com/2024/08/30/ARTIfgb0vBKjHjrjGypekRlq240830.shtml
腾讯,"<font color=""red"">腾讯</font>集团高级副总裁郭凯天：积极落实主体责任，推动生态治理持续向好",发布时间：2024-08-28 20:50:55,来源：经济,https://jingji.cctv.com/2024/08/28/ARTI97lXfIDSE2Ahe98IV99k240828.shtml
腾讯,产业联动性+行业风向标 2024数博会专业展启幕,发布时间：2024-08-28 18:33:52,来源：新闻,https://news.cctv.com/2024/08/28/ARTISsfDoKcu9CL5vPmoPeq3240828.shtml
腾讯,网约车监管信息交互系统7月份共收到订单信息10.1亿单 环比上升4.3%,发布时间：2024-08-28 13:58:31,来源：新闻,https://news.cctv.com/2024/08/28/ARTIHGaCnTYJd4rEEmsKT4FU240828.shtml
腾讯,2024年中国网络文明大会“未来之夜”：勇做科技创新“追光者”,发布时间：2024-08-28 11:31:34,来源：新闻,https://news.cctv.com/2024/08/28/ARTIBc9bvRugYKfWe9kmMS4T240828.shtml
腾讯,2024年中国网络文明大会“未来之夜”：勇做科技创新“追光者”,发布时间：2024-08-28 10:10:37,来源：公益频道,https://gongyi.cctv.com/2024/08/28/ARTIma49bsXZV1EPnxR5f2TH240828.shtml
腾讯,福建积极打造“丝路海运”航运平台，推进港航贸一体化发展,发布时间：2024-08-28 09:48:41,来源：福建频道,https://local.cctv.com/2024/08/28/ARTIQAhh954gTRGxQ52MbaFm240828.shtml
腾讯,2024数博会专业展8条特色观展路线请收好,发布时间：2024-08-27 16:59:52,来源：新闻,https://news.cctv.com/2024/08/27/ARTI2bzEoD6PCnu1zuKU2yMC240827.shtml
腾讯,“百模竞艳”，2024数博会参展亮点抢先看,发布时间：2024-08-27 13:45:42,来源：新闻,https://news.cctv.com/2024/08/27/ARTIGdQhAs6BqQnAgz4kDho1240827.shtml
腾讯,【数智共生：开创数字经济高质量发展新未来】下好“先手棋”，贵州加“数”抢新机,发布时间：2024-08-26 17:31:14,来源：新闻,https://news.cctv.com/2024/08/26/ARTI1x4A36Uj8TZhQfpQUWB2240826.shtml
腾讯,AI创意短视频｜续写更多“春天的故事”,发布时间：2024-08-26 13:19:03,来源：新闻,https://news.cctv.com/2024/08/26/ARTILPwYPQxoOHNMU1j8MtBk240826.shtml
腾讯,记者手记丨在科隆国际游戏展感受“中国游戏热”,发布时间：2024-08-25 17:38:48,来源：新闻,https://news.cctv.com/2024/08/25/ARTIuhkztOojagTpE3QaFYVn240825.shtml
腾讯,“刺桐花蕾”闽南歌谣创作人才培育计划启动,发布时间：2024-08-25 12:51:46,来源：福建频道,https://local.cctv.com/2024/08/25/ARTIvXbs45kPppReU2goiPr2240825.shtml
腾讯,数字产业：构建数据流通新生态 培育数字经济竞争力,发布时间：2024-08-25 10:27:57,来源：经济,https://jingji.cctv.com/2024/08/25/ARTIJCjzR8toBd7wfC3eiywF240825.shtml
腾讯,贵州：抢滩数字经济“新蓝海” 实现高质量发展新跨越,发布时间：2024-08-24 18:14:50,来源：新闻,https://news.cctv.com/2024/08/24/ARTIuTdusTAmbtLRJ1Z1ffLm240824.shtml
腾讯,广东省残疾预防行动计划（2022-2025年）中期评估报告发布,发布时间：2024-08-24 15:33:06,来源：地方频道,https://local.cctv.com/2024/08/24/ARTIHofpmGg2p99q3wtjRiNN240824.shtml
腾讯,“人工智能与未来教师”论坛在京举行,发布时间：2024-08-23 19:08:22,来源：教育,https://edu.cctv.com/2024/08/23/ARTIxPkULB74lm52GoSTbHZL240823.shtml
小米,国家计算机病毒应急处理中心监测发现13款违规移动应用,发布时间：2024-11-12 17:15:17,来源：新闻,https://news.cctv.com/2024/11/12/ARTIZ9G9Ok4GcMxqSmLBGT5P241112.shtml
小米,13款移动App存在隐私不合规行为，涉及电商等领域,发布时间：2024-11-11 19:02:37,来源：新闻,https://news.cctv.com/2024/11/11/ARTISn4t3MIMYxYqr2df1GaU241111.shtml
小米,国际青年“梦”聚创业港，长沙外贸再添新活力,发布时间：2024-11-08 20:53:44,来源：地方频道,https://local.cctv.com/2024/11/08/ARTIuFzR6DCeiI39s7qK6icK241108.shtml
小米,肯尼亚白领爱穿中国内衣老字号的职业装？上天又出海，87岁三枪有新“枪”调,发布时间：2024-11-08 15:31:49,来源：时尚,https://style.cctv.com/2024/11/08/ARTIVvHskSoZYWX1m5faRVCp241108.shtml
小米,今天，我们这样读懂科学家精神,发布时间：2024-11-08 15:31:20,来源：公益频道,https://gongyi.cctv.com/2024/11/08/ARTI9gWfTK807K5PdBCiBZLz241108.shtml
小米,希望的田野上“丰”光无限好 “良机良法+订单化生产”鼓起农民“钱袋子”,发布时间：2024-11-06 16:39:10,来源：新闻,https://news.cctv.com/2024/11/06/ARTI0kafGqYh2xdoF399aEZM241106.shtml
小米,颜选攻略 | PGG、BLAUPUNKT眼部按摩仪检出不达标，最新回应来了,发布时间：2024-11-06 11:15:22,来源：教育,https://edu.cctv.com/2024/11/06/ARTIUpcST4teHxgPFi9ByrQc241106.shtml
小米,乳儿班 托小班如何让家长放心？,发布时间：2024-11-06 06:48:01,来源：新闻,https://news.cctv.com/2024/11/06/ARTIUnYyESZxsjRmDqSOFs2t241106.shtml
小米,寻访三晋特色村,发布时间：2024-11-05 15:17:16,来源：新闻,https://news.cctv.com/2024/11/05/ARTIA8NessbFc0QbkxGmKLOV241105.shtml
小米,李强同第七届中国国际进口博览会参展商、采购商代表座谈,发布时间：2024-11-05 09:38:07,来源：新闻,https://news.cctv.com/2024/11/05/ARTIG3qVpvYhdGSN0jiYzlYO241105.shtml
小米,“融致远·视无界”车载视听主题交流活动在京举办,发布时间：2024-11-04 11:44:48,来源：汽车频道,https://auto.cctv.com/2024/11/04/ARTIBlrbVPMYXCVeCaE8d2S9241104.shtml
小米,聊聊“正确的事”，WISE2024商业之王大会即将举办,发布时间：2024-11-01 10:03:35,来源：产业+,https://business.cctv.com/2024/11/01/ARTIl80xu3GTftwK43VH5jOQ241101.shtml
小米,市场监管总局（国家标准委）批准发布一批重要国家标准,发布时间：2024-10-31 19:30:42,来源：新闻,https://news.cctv.com/2024/10/31/ARTIgnvmTJoJU8Eeq9WoYYY3241031.shtml
小米,以旧换新“换”出加速度 拉动内需增长“跑”出新成效,发布时间：2024-10-30 07:01:17,来源：经济,https://jingji.cctv.com/2024/10/30/ARTI5LRkWfMVMHerhnShiZJd241030.shtml
小米,人工智能想象在科幻文艺中的百年演变,发布时间：2024-10-26 08:07:13,来源：新闻,https://news.cctv.com/2024/10/26/ARTIODKKI4ISbYT41QDptv7g241026.shtml
小米,引领地方特色美食飘香全国 盐边羊肉米线区域公用品牌在深圳发布,发布时间：2024-10-25 18:53:17,来源：经济,https://jingji.cctv.com/2024/10/25/ARTIgBimQQORm8959HHPFBHC241025.shtml
小米,京津冀“以链为媒”打造协同新高地,发布时间：2024-10-25 13:15:41,来源：产业+,https://business.cctv.com/2024/10/25/ARTIqBdp7hnrroTldbZ4kpbz241025.shtml
小米,京津冀“以链为媒”打造协同新高地,发布时间：2024-10-25 10:53:04,来源：经济,https://jingji.cctv.com/2024/10/25/ARTIdfe0ZNrH4AOQYhYlZd4a241025.shtml
小米,今日霜降：养生保健有何要点？,发布时间：2024-10-23 19:27:14,来源：健康,https://jiankang.cctv.com/2024/10/23/ARTIjCDSegvJsDFxN2HoApi1241023.shtml
小米,巧手制作，守护乡村味道（工匠绝活·乡村工匠③）,发布时间：2024-10-23 11:51:30,来源：乡村振兴,https://xczx.cctv.com/2024/10/23/ARTIBsdyHxqLVqNgIXmRph53241023.shtml
小米,如何思变求新，构建良好高中教育新生态？——专访北京一零一中学党委书记、校长熊永昌,发布时间：2024-10-22 12:07:09,来源：教育,https://edu.cctv.com/2024/10/22/ARTIe3sETHf9Ksvv9b8t0L2j241021.shtml
小米,一习话丨“农民会有更加火热的生活”,发布时间：2024-10-21 17:50:10,来源：新闻,https://news.cctv.com/2024/10/21/ARTIcltAnVzFK23gQDKx1ESx241021.shtml
小米,逐渐回暖！9月份乘用车产销结束5个月连续下滑势头,发布时间：2024-10-21 09:46:27,来源：经济,https://jingji.cctv.com/2024/10/21/ARTIbJmRHRmoE8Ib00VnIdit241021.shtml
小米,“硬核”数据见证我国巩固拓展脱贫攻坚成果“成绩单”,发布时间：2024-10-18 10:18:01,来源：新闻,https://news.cctv.com/2024/10/18/ARTImkNH7AoBDZEmG3FGlRD4241018.shtml
小米,食堂建到家门口 就餐便利又省心,发布时间：2024-10-16 19:14:16,来源：健康,https://jiankang.cctv.com/2024/10/16/ARTINBe2uKeZAK11sxFBYe5R241016.shtml
小米,打造产销直通新模式 河北净菜及邯郸品牌农产品走进北京,发布时间：2024-10-14 20:45:15,来源：新闻,https://news.cctv.com/2024/10/14/ARTIvv9pqYx2S9x9F3zZigsw241014.shtml
小米,《探索·发现》节目预告：家乡至味2024（47）  10月15日播出,发布时间：2024-10-14 15:40:16,来源：CCTV-10科教频道,https://tv.cctv.com/2024/10/14/ARTIh7XVpr5mgOEAbZY5cmvP241014.shtml
小米,全力铺好群众“出行路”“致富路”,发布时间：2024-10-14 10:43:25,来源：经济,https://jingji.cctv.com/2024/10/14/ARTIGKRuUTWc42rAvpq3rhZb241014.shtml
小米,2024中国民营企业500强报告出炉：民企成科技创新重要主体  互联网行业研发投入领先,发布时间：2024-10-13 12:39:18,来源：经济,https://jingji.cctv.com/2024/10/13/ARTIwbpxT1uUnMbSx6rHVpLq241013.shtml
小米,滚滚延河水 不尽为民情——从延安谱写奋进新篇感知“为人民服务”矢志不渝,发布时间：2024-10-12 10:44:41,来源：新闻,https://news.cctv.com/2024/10/12/ARTIeGaNkri4Mwt6bOP2LX98241012.shtml
小米,同心致远！中央广播电视总台2025“品牌强国工程”发布,发布时间：2024-10-11 20:42:39,来源：总台之声,https://www.cctv.com/2024/10/11/ARTIgegeGXB7K8yu8ivNkvSo241011.shtml
小米,激活“有效需求” 兴业银行聚力“两新”出新招打实招,发布时间：2024-10-10 16:45:29,来源：福建频道,https://local.cctv.com/2024/10/10/ARTIOfc22P5NURo069NU9m7G241010.shtml
小米,“一粥一汤一茶饮”解秋燥,发布时间：2024-10-10 11:12:47,来源：健康,https://jiankang.cctv.com/2024/10/10/ARTIcfKQ00UbAJWnxHF2Hew2241009.shtml
小米,辟谣！“数字人民币平台发放数字资产红利”系谣言,发布时间：2024-10-10 00:05:20,来源：新闻,https://news.cctv.com/2024/10/10/ARTIEamyWujO1PyL7dzUGer4241010.shtml
小米,稻浪金黄、禾谷满仓 五彩农作绘就神州大地丰收画卷,发布时间：2024-10-09 16:27:04,来源：新闻,https://news.cctv.com/2024/10/09/ARTIZO1oKQxsY07UeWi2MYaD241009.shtml
小米,“米袋子”“菜篮子”“果盘子”满满当当 希望的田野上一片好“丰”光,发布时间：2024-10-09 15:36:55,来源：新闻,https://news.cctv.com/2024/10/09/ARTIF8EUv5Hl60KTNP7OkkwI241009.shtml
小米,以旧换新助力 车市“金九银十”销售火热,发布时间：2024-10-09 15:28:22,来源：财经,https://finance.cctv.com/2024/10/09/ARTIa4TpZ7xWlAHaqdhMsitt241009.shtml
小米,国庆假期北京重点商圈客流量超过4500万人次,发布时间：2024-10-07 19:43:29,来源：经济,https://jingji.cctv.com/2024/10/07/ARTIQxzJ7ykozqzBqiwQyPN4241007.shtml
小米,新乡村辉映新时代 好山河托举好日子,发布时间：2024-10-01 23:46:44,来源：光华锐评频道,https://ghrp.cctv.com/2024/10/01/ARTImfDh838eowLNwdse6v3s241001.shtml
小米,成交额超1.2亿元！总台公益活动走进喜德，全方位助力乡村振兴,发布时间：2024-09-30 16:25:04,来源：经济,https://jingji.cctv.com/2024/09/30/ARTI59ULZjZg9La2W8BDR5OM240930.shtml
小米,AI智能体走热，将如何改变生活？,发布时间：2024-09-30 10:22:55,来源：新闻,https://news.cctv.com/2024/09/30/ARTIu2O2pPy1VEfXZVPqWuy0240930.shtml
小米,“我与祖国共庆生”主题宣传教育活动开展,发布时间：2024-09-26 11:41:35,来源：福建频道,https://local.cctv.com/2024/09/26/ARTIzcdOH3VU8l0lns2ccQe4240926.shtml
小米,2024中国农民丰收节 | 四平举行丰收成果展示活动,发布时间：2024-09-23 15:44:19,来源：央视网报,https://city.news.cctv.com/2024/09/23/ARTIM70rvyrFxo0Eo09aGu3y240923.shtml
小米,2024年《中国农民丰收节晚会》今晚播出！节目单来了,发布时间：2024-09-22 13:08:55,来源：新闻,https://news.cctv.com/2024/09/22/ARTI0vWGU9aJmuAPXGzW2T0d240922.shtml
小米,2024年《中国农民丰收节晚会》今晚播出！节目单来了,发布时间：2024-09-22 12:58:54,来源：CCTV其他,https://tv.cctv.com/2024/09/22/ARTIqqmDt9gvIpYfRj6zLrVD240922.shtml
小米,2024年《中国农民丰收节晚会》今晚播出！节目单来了,发布时间：2024-09-22 12:34:55,来源：科教,https://kejiao.cctv.com/2024/09/22/ARTIzUCTQyqKbc3oMvE0P6D0240922.shtml
小米,2024年《中国农民丰收节晚会》今晚播出！节目单来了,发布时间：2024-09-22 10:34:10,来源：总台之声,https://www.cctv.com/2024/09/22/ARTIAbpvKvwwr1OeOuQ8g04I240922.shtml
小米,三大亮点抢先看！探班《中国农民丰收节晚会》幕后,发布时间：2024-09-20 16:32:15,来源：CCTV其他,https://tv.cctv.com/2024/09/20/ARTItjuXSWSUgVDOp5utcSVP240920.shtml
小米,舞动山水间，欢歌田野上！2024年总台丰晚幕后揭秘,发布时间：2024-09-20 11:44:04,来源：科教,https://kejiao.cctv.com/2024/09/20/ARTIq19Lp1HViXzRsSWh7MRU240920.shtml
小米,秋天推荐吃莲藕 好吃又健康,发布时间：2024-09-19 19:27:33,来源：健康,https://jiankang.cctv.com/2024/09/19/ARTIUxshKntjeM9KXGNlIHGN240919.shtml
小米,中非多领域合作持续“向新”,发布时间：2024-09-19 11:49:54,来源：新闻,https://news.cctv.com/2024/09/19/ARTIYgw6qXqriUgqvzXbwRL1240919.shtml
小米,"插上电商翅膀，武乡<font color=""red"">小米</font>出大山",发布时间：2024-09-17 15:01:02,来源：新闻,https://news.cctv.com/2024/09/17/ARTIWWOjppNLITEqYu03eyYy240917.shtml
小米,扫码中秋“大礼包”竟遇上刷单诈骗,发布时间：2024-09-17 12:15:57,来源：新闻,https://news.cctv.com/2024/09/17/ARTIJR0eMaC8UFMqLEczoIC2240917.shtml
小米,“加大在中国的创新发展是坚定承诺”,发布时间：2024-09-17 10:12:43,来源：新闻,https://news.cctv.com/2024/09/17/ARTIXiuhg98d6sEi1N1QeEE7240917.shtml
小米,《丰收集结号》河北武强上演好戏连台，“丰收达人”齐聚共庆丰收,发布时间：2024-09-14 11:32:55,来源：央视网才艺,https://caiyi.cctv.com/2024/09/14/ARTIwF4ZCFui6cMew3jubX9T240913.shtml
小米,“一粥一汤一茶饮”解秋燥,发布时间：2024-09-13 16:21:27,来源：健康,https://jiankang.cctv.com/2024/09/13/ARTI7tU0bbLPlbpXTvBZQhdu240912.shtml
小米,探访韩国三养火鸡面生产工厂:方便食品的智能制造与安全标准,发布时间：2024-09-11 20:01:47,来源：地方频道,https://local.cctv.com/2024/09/11/ARTIE6E0EqwdGd6rJvy50ycW240911.shtml
小米,“一粥一汤一茶饮”解秋燥,发布时间：2024-09-11 16:17:17,来源：健康,https://jiankang.cctv.com/2024/09/11/ARTI0lP4rPgMzyOixXWx7SLy240911.shtml
小米,党员群众志愿者“握指成拳”凝聚合力 加快恢复灾后生产生活,发布时间：2024-09-08 16:39:38,来源：新闻,https://news.cctv.com/2024/09/08/ARTI80dEhvj9Lf6kSJaDNK4N240908.shtml
小米,稻谷黄、瓜果香 硕果累累迎金秋 田野如画好“丰”光,发布时间：2024-09-07 15:22:32,来源：新闻,https://news.cctv.com/2024/09/07/ARTI4wanUOGOVb9eaFP87qIh240907.shtml
小米,坐在炕头看解纠促和的智慧 山西蹚出县域治理“调解通道”,发布时间：2024-09-06 19:50:06,来源：地方频道,https://local.cctv.com/2024/09/06/ARTIvdKB7IubQkq8HA3WzhJx240906.shtml
小米,颜选攻略丨辣嗓子、胃部灼烧……简爱酸奶被指涉食品安全问题,发布时间：2024-09-03 11:42:16,来源：教育,https://edu.cctv.com/2024/09/03/ARTIqFfl1s8L1wbZQnKrfdWJ240903.shtml
小米,中非农业合作，共绘非洲减贫发展蓝图（新时代中非合作）,发布时间：2024-08-28 11:15:38,来源：乡村振兴,https://xczx.cctv.com/2024/08/28/ARTIKeR7wtSKvfyBCgWL7lXh240828.shtml
小米,巴西媒体考察团访鄂：期待更多湖北高科技产品走进巴西,发布时间：2024-08-27 10:12:02,来源：地方频道,https://local.cctv.com/2024/08/27/ARTIEPrh8mPKAwhB0Yaudv89240827.shtml
小米,可穿戴设备将成为AI应用落地新风口,发布时间：2024-08-22 12:07:01,来源：数智频道,https://5gai.cctv.com/2024/08/22/ARTIqkt857tpMzVD70xQp4ab240822.shtml
小米,消费电子技术迭代带动行业上行,发布时间：2024-08-22 12:05:47,来源：数智频道,https://5gai.cctv.com/2024/08/22/ARTI3mk4eqVvJQGshRw1BFCt240822.shtml
小米,高血脂患者必看！吃对食物，血脂稳稳下降,发布时间：2024-08-20 15:43:42,来源：健康,https://jiankang.cctv.com/2024/08/20/ARTIHAZFk5swTkfJProHEi2A240820.shtml
小米,云起·策问|品牌出海下的售后服务革新与数字化转型,发布时间：2024-08-20 09:49:36,来源：地方频道,https://local.cctv.com/2024/08/20/ARTIeCQWOAKRRqO9f8YupIDU240820.shtml
小米,主食怎么吃才健康,发布时间：2024-08-19 15:11:06,来源：健康,https://jiankang.cctv.com/2024/08/19/ARTIHLZCIXjwAUU4SAj0TeRa240819.shtml
小米,闽江之畔 乘“数”直上,发布时间：2024-08-19 10:22:58,来源：福建频道,https://local.cctv.com/2024/08/19/ARTImRkHPx24Jksp2bmKuu12240819.shtml
小米,新华全媒+｜坐着高铁看中国 穿越5000年中华文明,发布时间：2024-08-18 17:36:29,来源：新闻,https://news.cctv.com/2024/08/18/ARTI7Xv2pPHmKtlG7TVF6RR0240818.shtml
小米,工业四大支柱行业齐增长 制造业引领产业升级 北京前7月经济延续恢复态势,发布时间：2024-08-18 10:19:31,来源：经济,https://jingji.cctv.com/2024/08/18/ARTIrFAbeB4CosZAzJcjCi1W240818.shtml
小米,主食怎么吃才健康,发布时间：2024-08-16 16:17:41,来源：产业+,https://business.cctv.com/2024/08/16/ARTIYeH4oCVKyK69xPpQ3MAw240816.shtml
小米,主食怎么吃才健康,发布时间：2024-08-16 11:46:06,来源：新闻,https://news.cctv.com/2024/08/16/ARTIALlJsKsFKl7qezBvLoQi240816.shtml
小米,强化农业文化遗产保护利用,发布时间：2024-08-12 10:25:34,来源：乡村振兴,https://xczx.cctv.com/2024/08/12/ARTIAcP1FlLGZjg0TIghlJvL240812.shtml
小米,瞭望·治国理政纪事｜走好“特”“优”农业发展之路,发布时间：2024-08-10 12:24:38,来源：新闻,https://news.cctv.com/2024/08/10/ARTI9KBFavzlfEKddMCAN7BW240810.shtml
小米,通讯｜务实耕耘 共同发展——探访乌兹别克斯坦上合组织农业基地中乌现代农业科技示范园,发布时间：2024-08-09 19:41:33,来源：新闻,https://news.cctv.com/2024/08/09/ARTIbHL5h2sRgaLTCdUPutmf240809.shtml
小米,贵州锦屏：五颜六色 侗寨“晒秋” 又是一年丰收季,发布时间：2024-08-09 14:01:17,来源：新闻,https://news.cctv.com/2024/08/09/ARTI9rGI4QQWaMu7A18zmVSI240809.shtml
小米,增程式汽车销量喜人 “增程路线”有望重回主流,发布时间：2024-08-08 18:11:18,来源：汽车频道,https://auto.cctv.com/2024/08/08/ARTI1ghktzA0eIIGhg4JWLCl240808.shtml
小米,直营or授权 汽车零售模式寻变,发布时间：2024-08-08 17:55:04,来源：汽车频道,https://auto.cctv.com/2024/08/08/ARTI9gxJNH0hJ7LAF02Eznl9240808.shtml
小米,织密智能交通网 “车路云一体化”将为谁赋能,发布时间：2024-08-08 12:05:35,来源：汽车频道,https://auto.cctv.com/2024/08/08/ARTIiirrXTUVjDOrnzmTyt3E240808.shtml
小米,熬夜后如何补救？中医专家为你支招,发布时间：2024-08-07 13:43:29,来源：健康,https://jiankang.cctv.com/2024/08/07/ARTII6CyAh2Uvry7Zvs2kLBr240807.shtml
小米,立秋：凉风有信，滋阴润燥（二十四节气里的中医养生之道）,发布时间：2024-08-07 13:43:11,来源：健康,https://jiankang.cctv.com/2024/08/07/ARTIrXrGd1wipXAu8SWgzHqY240807.shtml
小米,汽车产业重塑竞争新格局,发布时间：2024-08-06 15:45:50,来源：财经,https://finance.cctv.com/2024/08/06/ARTIkaWtIPArnbW7DxWVHSgD240806.shtml
小米,立秋：凉风有信，滋阴润燥（二十四节气里的中医养生之道）,发布时间：2024-08-05 11:34:19,来源：新闻,https://news.cctv.com/2024/08/05/ARTIzqjHecM1Mu8FyyYOJXqB240805.shtml
小米,国家计算机病毒应急处理中心监测发现15款违规移动应用,发布时间：2024-08-01 18:02:21,来源：新闻,https://news.cctv.com/2024/08/01/ARTIPUIwq1RrHshtPlUg1MTv240801.shtml
小米,深山民宿主理人和她的2000亩谷子地,发布时间：2024-07-30 12:25:40,来源：新闻,https://people.cctv.com/2024/07/30/ARTIuupYz6pt7Afqs3v9BIDZ240730.shtml
小米,高温天气如何促进食欲？哪些食物要少吃？这样吃健康又精神→,发布时间：2024-07-30 06:38:52,来源：新闻,https://news.cctv.com/2024/07/30/ARTIL9IoZzdihRi9qscSSsrz240730.shtml
小米,“共富乡村”的新产业（锚定现代化 改革再深化）,发布时间：2024-07-26 10:48:08,来源：乡村振兴,https://xczx.cctv.com/2024/07/26/ARTIwE1jVPNDII3rtp0CEVzI240726.shtml
小米,三伏天养生，中医推荐这些简单易行的保健方法，预防夏季常见病！,发布时间：2024-07-23 17:30:02,来源：新闻,https://news.cctv.com/2024/07/23/ARTI1XinF9u3kjn0Q5rdXEtA240723.shtml
新东方,研学游成暑期市场主力军 各地精心打造学校之外的“大课堂”,发布时间：2024-07-16 09:42:35,来源：教育,https://edu.cctv.com/2024/07/16/ARTILCOJjrP29cDYpvQS0vxP240716.shtml
新东方,外贸半年报彰显“质升量稳” 新业态激发强劲动能,发布时间：2024-07-15 06:18:34,来源：经济,https://jingji.cctv.com/2024/07/15/ARTIDnjNzF4ibLIASd2Uo25F240715.shtml
新东方,【万千气象看中国】铁路旅游援疆专列在江西南昌发车,发布时间：2024-07-10 12:13:51,来源：央视网报,https://city.news.cctv.com/2024/07/10/ARTIIwTCou87ILE9ciJDeHvl240710.shtml
新东方,兰新高铁飞驰 助力西部发展（大数据观察）,发布时间：2024-07-04 10:40:42,来源：新闻,https://news.cctv.com/2024/07/04/ARTIV81ueWchdeTkFb88yHJc240704.shtml
新东方,“国风雅韵——马子恺古篆艺术精品展”在北京开幕,发布时间：2024-07-02 12:33:43,来源：艺术,https://yangbo.cctv.com/2024/07/02/ARTIFICU7ilJtQciTyAWamDu240702.shtml
新东方,借助AI还是高价机构 ，填报高考志愿哪种更靠谱？,发布时间：2024-06-29 16:13:03,来源：新闻,https://news.cctv.com/2024/06/29/ARTIr8yS5GYOaNp8PYVrFo0N240629.shtml
新东方,警惕虚假宣传！暑期研学火爆 部分产品价格虚高,发布时间：2024-06-25 09:46:33,来源：教育,https://edu.cctv.com/2024/06/25/ARTIjatOO24xe1OCwlCeGhwQ240625.shtml
新东方,以舞之名，绽放平潭之美,发布时间：2024-06-22 11:08:47,来源：福建频道,https://local.cctv.com/2024/06/22/ARTIKpYW6MfSmW2pztDcUpBo240622.shtml
新东方,教培行业转战新赛道：数千元学习机热卖，“省妈”还是智商税？,发布时间：2024-06-22 10:42:03,来源：新闻,https://news.cctv.com/2024/06/22/ARTIOJeN8EMWwOhDd7YALrc9240622.shtml
新东方,中学阶段留学 这些事项需关注（留学服务站）,发布时间：2024-05-30 12:48:08,来源：教育,https://edu.cctv.com/2024/05/30/ARTI6nW9c6CiYHdttG3pJSNL240530.shtml
新东方,深圳：文旅芬芳五月天 约会深圳山海间,发布时间：2024-05-20 16:05:48,来源：地方频道,https://local.cctv.com/2024/05/20/ARTIlgr4tGn9bkYj9mTwFeHI240520.shtml
新东方,西安市举行2024年家庭家教家风建设主题宣传活动,发布时间：2024-05-17 15:38:52,来源：地方频道,https://local.cctv.com/2024/05/17/ARTItCys7gKAY4HFMpATlCn9240517.shtml
新东方,2024高等教育与就业发展研讨会举办，共话大学英语能力培养,发布时间：2024-04-24 16:02:12,来源：产业+,https://business.cctv.com/2024/04/24/ARTIN8y2qzV38Nm23j3QsBox240424.shtml
新东方,文体旅融合点燃消费新引擎,发布时间：2024-04-22 07:18:32,来源：经济,https://jingji.cctv.com/2024/04/22/ARTIxH59yNXvSjzKkZR5eLOT240422.shtml
新东方,西藏洛隆县：第十届俄西杏花文化旅游宣传周带动文旅消费持续升温,发布时间：2024-04-18 18:56:26,来源：地方频道,https://local.cctv.com/2024/04/18/ARTIvptM6rZEAhF5jRFz8zAb240418.shtml
新东方,西藏洛隆县第十届俄西杏花文化旅游宣传周开幕,发布时间：2024-04-15 15:18:41,来源：地方频道,https://local.cctv.com/2024/04/15/ARTIbJCJDoFTqNFSuNkryNPg240415.shtml
新东方,为找工作，本科生“回炉”读职校,发布时间：2024-03-12 10:16:39,来源：教育,https://edu.cctv.com/2024/03/12/ARTIoox58drnTBXcqmskh6Th240312.shtml
新东方,这届年轻人 偏爱一种很新的复古潮,发布时间：2024-02-27 12:11:05,来源：时尚,https://style.cctv.com/2024/02/27/ARTIX3LURHufgaVnpXcs8UOX240227.shtml
新东方,"《平潭映象》用<font color=""red"">新东方</font>美学构筑两岸艺术的“跨海桥廊”",发布时间：2024-02-07 18:46:03,来源：艺术,https://yangbo.cctv.com/2024/02/07/ARTISebIAZj0aFiENOVqWoPn240207.shtml
新东方,《云顶对话》专访“爷叔”：时代的“不响”解读者,发布时间：2024-02-06 20:35:37,来源：光华锐评频道,https://ghrp.cctv.com/2024/02/06/ARTIjMfGmNWq1osy6L4etYVu240206.shtml
新东方,沈阳浑南区召开发展新质生产力投资促进大会,发布时间：2023-12-13 17:03:18,来源：生态环境频道,https://eco.cctv.com/2023/12/13/ARTIiMEYhNgOSjn2QBtGVslH231213.shtml
新东方,更关注性价比！寒假研学价格上涨热度下降,发布时间：2023-12-12 10:00:47,来源：教育,https://edu.cctv.com/2023/12/12/ARTIUyBRyFWf2G8V0dr5SKj1231212.shtml
新东方,少了36万！连增8年后，考研报名人数降了,发布时间：2023-11-23 06:40:57,来源：新闻,https://news.cctv.com/2023/11/23/ARTII3IuZxw6YVzh7Zu34gy7231123.shtml
新东方,【8点见】中学因财政困难向学生收200元？教育局回应,发布时间：2023-11-21 08:00:07,来源：新闻,https://news.cctv.com/2023/11/21/ARTIylNg6pO89eF4QJKyHHN4231121.shtml
新东方,"杭州<font color=""red"">新东方</font>遭网红举报处罚结果公布：停止办学，处罚15万元",发布时间：2023-11-20 17:17:39,来源：教育,https://edu.cctv.com/2023/11/20/ARTIglY2hoS0ne0sJTpnzqN0231120.shtml
新东方,新疆深挖资源潜力 激发旅游经济效能,发布时间：2023-10-28 20:15:17,来源：新闻,https://news.cctv.com/2023/10/28/ARTIZNzen3G29o1xPLE9G7My231028.shtml
新东方,“悦读时代 对话名家”  2023中国黄山书会在安徽合肥举办 2023全国少儿图书交易会同期举办,发布时间：2023-10-28 17:38:28,来源：阅读频道,https://book.cctv.com/2023/10/28/ARTIV4YV0Flt2Wi4XeDEsZwm231028.shtml
新东方,百列万人游新疆 铁路旅游援疆行动启动,发布时间：2023-10-25 16:01:04,来源：科教,https://kejiao.cctv.com/2023/10/25/ARTIjRW6HEu8HFj0Y5Ko7Bps231025.shtml
新东方,定制化开行旅游专列 铁路助力旅游兴疆行动加速推进,发布时间：2023-10-25 07:58:52,来源：新闻,https://news.cctv.com/2023/10/25/ARTIprrmZZMWW86rUnN2NAPA231025.shtml
新东方,“一带一路”人才合作结出累累硕果,发布时间：2023-10-22 16:31:19,来源：新闻,https://news.cctv.com/2023/10/22/ARTIxcHkPz7bsK6hXqMrQXm6231022.shtml
新东方,跟着总书记看中国 | 高质量写好“先行示范”新答卷,发布时间：2023-10-11 18:28:11,来源：新闻,https://news.cctv.com/2023/10/11/ARTIbgMWpaucPU6OvRULJBje231011.shtml
新东方,释放龙华高质量发展活力 这场招商推介会干货十足,发布时间：2023-08-28 21:49:36,来源：地方频道,https://local.cctv.com/2023/08/28/ARTI1nGNU9kpTOo2fKRFstJd230828.shtml
新东方,从中华文明和平性看中国坚持走和平发展道路——中华文明的突出特性系列述评之六,发布时间：2023-06-17 08:53:50,来源：新闻,https://news.cctv.com/2023/06/17/ARTIBOxwyOhj3PwSiuoY4p35230617.shtml
新东方,开源教育与人才｜2023开放原子全球开源峰会开源教育和人才分论坛即将启幕,发布时间：2023-06-02 09:09:27,来源：公益频道,https://gongyi.cctv.com/2023/06/02/ARTInKNdGu1zfaPOjyNEPqgG230602.shtml
新东方,“五一”假期旅游专列“花式卷”：半小时即售罄 “熊猫专列”已爆满,发布时间：2023-04-21 06:18:04,来源：新闻,https://news.cctv.com/2023/04/21/ARTIskjsSSVWibR0vX7SuA7w230421.shtml
新东方,新闻观察：高铁专列助“旅游热”持续升温,发布时间：2023-04-15 13:53:38,来源：新闻,https://news.cctv.com/2023/04/15/ARTIT144VV8OS5Yp6peYimBw230415.shtml
新东方,硕博研究生毕业人数“首超”本科生，之后呢？,发布时间：2023-04-07 09:52:38,来源：教育,https://edu.cctv.com/2023/04/07/ARTIgFsSRQ3hzbLfJ3Oezxnb230407.shtml
新东方,黑龙江省—亚布力中国企业家论坛交流合作恳谈会举行 许勤徐乐江梁惠玲讲话 蓝绍敏出席,发布时间：2023-03-19 09:02:35,来源：新闻,https://news.cctv.com/2023/03/19/ARTI2ScTa2qcrUcHq8iF101X230319.shtml
新东方,焦点访谈：热“雪”沸腾喜迎春,发布时间：2023-01-28 22:22:04,来源：新闻,https://news.cctv.com/2023/01/28/ARTIaQkH7g9XG5uAZ0obVxhY230128.shtml
新东方,2023，出国留学新趋势,发布时间：2023-01-12 09:38:17,来源：教育,https://edu.cctv.com/2023/01/12/ARTIHtmGEe4jJkceSG5STJDz230112.shtml
新东方,11月28日起，海南省东方市新增2个高风险区,发布时间：2022-11-28 18:48:46,来源：新闻,https://news.cctv.com/2022/11/28/ARTIbzhSQP7jZU7cdeeKPzXg221128.shtml
新东方,新风口下的在线职业教育，如何破局？,发布时间：2022-11-03 17:21:26,来源：教育,https://edu.cctv.com/2022/11/03/ARTIoVTNGb3p40nAWWHYlWrT221103.shtml
新东方,海外课堂上超八成是中国人，“反向留学”值得吗？,发布时间：2022-10-21 16:56:10,来源：教育,https://edu.cctv.com/2022/10/21/ARTITyF2eZ87bMq8v18ZFag8221021.shtml
新东方,《云顶对话》对话雷军 激荡时代头部思维｜制片人手记,发布时间：2022-09-22 10:03:08,来源：光华锐评频道,https://ghrp.cctv.com/2022/09/22/ARTI173hOh2bnLydZvh1KB5c220922.shtml
新东方,从服贸会看电子商务行业新亮点,发布时间：2022-09-04 10:36:34,来源：新闻,https://news.cctv.com/2022/09/04/ARTI6kAdg7UcNmKZoeGqvyMD220904.shtml
新东方,河南：8月30日起对四家村镇银行单人合并金额40万至50万元（含）的开始垫付,发布时间：2022-08-29 17:52:36,来源：新闻,https://news.cctv.com/2022/08/29/ARTI2cDxCtKxv9C0ZfGTdipR220829.shtml
新东方,反腐风暴持续 河南金融监管系统1个月内7人被查,发布时间：2022-08-13 04:38:46,来源：新闻,https://news.cctv.com/2022/08/13/ARTI1uES5UV94tkDjzUJdmut220813.shtml
新东方,干货分享！第三届中国短视频大会“主论坛”硬核内容来了！,发布时间：2022-08-12 20:36:51,来源：经济,https://jingji.cctv.com/2022/08/12/ARTI76O5VgFZ5xBPe0YLRWmk220812.shtml
新东方,一些直播暗藏“情感陷阱” 你真是主播“家人”吗？,发布时间：2022-08-09 06:40:59,来源：新闻,https://news.cctv.com/2022/08/09/ARTI1j6ZGFBJ74dJjTTekH3K220809.shtml
新东方,河南：8月8日起对4家村镇银行客户单人金额15万-25万开始垫付,发布时间：2022-08-05 10:34:03,来源：新闻,https://news.cctv.com/2022/08/05/ARTIrhhnsXgo81iqOaGJotOg220805.shtml
新东方,河南：对4家村镇银行账外业务客户本金单家机构单人合并金额10万元至15万元（含）的开始垫付,发布时间：2022-07-29 15:02:37,来源：新闻,https://news.cctv.com/2022/07/29/ARTISyhDrj98pP6xETYXssTn220729.shtml
新东方,票价高、上座率高，谁在消费高端火车游？,发布时间：2022-07-22 06:21:37,来源：新闻,https://news.cctv.com/2022/07/22/ARTI16nXTdJnPScF5NnWvGkJ220722.shtml
新东方,河南：25日起对4家村镇银行账外业务客户本金开始第二批垫付,发布时间：2022-07-21 09:07:15,来源：新闻,https://news.cctv.com/2022/07/21/ARTIohXmWD5duhoEWg3JMT56220721.shtml
新东方,旅游市场观察 | 政策利好不断 旅游从业者回流,发布时间：2022-07-11 15:31:45,来源：新闻,https://news.cctv.com/2022/07/11/ARTItt5hELGSvCUSlbcUIfaV220711.shtml
新东方,河南4家村镇银行同日发布公告更换董事长、监事长及高管,发布时间：2022-07-05 09:36:34,来源：新闻,https://news.cctv.com/2022/07/05/ARTIH6KYVh6bw0L4W4srUt80220705.shtml
新东方,当图书走进直播间：从文化现场开拓文化“线”场,发布时间：2022-07-05 07:25:06,来源：新闻,https://news.cctv.com/2022/07/05/ARTITmuS9weTiV2xAIeHj6Ly220705.shtml
新东方,云顶对话 | 俞敏洪谈“东方甄选”之思,发布时间：2022-06-30 11:26:58,来源：光华锐评频道,https://ghrp.cctv.com/2022/06/30/ARTIzQRQ7HlQGynVTR4tIvKL220630.shtml
新东方,"《云顶对话》首播：<font color=""red"">新东方</font>用知识改写企业命运，迎接“新希望”",发布时间：2022-06-29 20:26:08,来源：财经,https://finance.cctv.com/2022/06/29/ARTIpoPMmdx0f4oQahbkQwxH220629.shtml
新东方,"《云顶对话》专访俞敏洪：“诗意带货”背后 <font color=""red"">新东方</font>如何锐意转型",发布时间：2022-06-28 11:29:17,来源：财经,https://finance.cctv.com/2022/06/28/ARTIy8Tye7KS2XLvv70TPb4G220628.shtml
新东方,【8点见】刑事拘留！警方通报原德云社艺人陈霄华擅闯女子卧室,发布时间：2022-06-28 08:00:17,来源：新闻,https://news.cctv.com/2022/06/28/ARTIo9GlsjNRJ919Kta7pkP8220627.shtml
新东方,利好政策“能出尽出” 车市复苏箭在弦上,发布时间：2022-06-27 17:21:49,来源：经济,https://jingji.cctv.com/2022/06/27/ARTIGR7qEaML5KDaQseJIxQO220627.shtml
新东方,谁在坐“环西部火车游”品牌列车旅游,发布时间：2022-06-20 16:10:28,来源：新闻,https://news.cctv.com/2022/06/20/ARTIhRzrmDaJxjQnFyzfm5Ir220620.shtml
新东方,努力建设滨海城市带的节点城市和亮点城市,发布时间：2022-06-01 13:02:19,来源：海洋,https://ocean.cctv.com/2022/06/01/ARTIaNBAlT1SuS5MsqlFgG8Z220601.shtml
新东方,30人编制4000人抢，超千万规模高校毕业生就业难何解,发布时间：2022-05-31 11:52:25,来源：新闻,https://news.cctv.com/2022/05/31/ARTIiWncna6OYzTIQ9C4BIHz220531.shtml
新东方,多地村镇银行线上取款难背后：发起行高管被通缉，有企业涉嫌非吸,发布时间：2022-05-19 13:32:39,来源：新闻,https://news.cctv.com/2022/05/19/ARTIq98UJAmWapLVrgkEupmc220519.shtml
新东方,标普500失守4000点，五大科技公司市值蒸发超两千亿美元,发布时间：2022-05-10 09:28:42,来源：经济,https://jingji.cctv.com/2022/05/10/ARTIS1koRNQIqnOaaroj1bzp220510.shtml
新东方,首图免费提供海量数字资源,发布时间：2022-05-07 09:42:53,来源：新闻,https://news.cctv.com/2022/05/07/ARTIWshCprwltDmYtgid2XHM220507.shtml
新东方,北京2022年有招生资格高中全名单！五类学校404所,发布时间：2022-05-06 08:41:41,来源：教育,https://edu.cctv.com/2022/05/06/ARTIAxuh09fs9OLnhlIcVJ3G220506.shtml
新东方,“90后”大学生在数字经济大潮中“破浪前行”,发布时间：2022-05-05 08:05:06,来源：教育,https://edu.cctv.com/2022/05/05/ARTIPWuchfHOKzsxmXnMolL9220505.shtml
新东方,一本书买了不读，有“罪”吗？,发布时间：2022-04-29 12:58:38,来源：光华锐评频道,https://ghrp.cctv.com/2022/04/29/ARTIk6JchDyt6iCQ6IpfkhRW220429.shtml
新东方,规模上升、乱象滋生 青少年体育教育培训待破题,发布时间：2022-04-21 13:57:21,来源：教育,https://edu.cctv.com/2022/04/21/ARTIeD7BSgRYDk2jJrgXUWZr220421.shtml
新东方,违反防疫规定违规进入校园 安徽合肥多人被行政处罚,发布时间：2022-04-16 09:36:40,来源：新闻,https://news.cctv.com/2022/04/16/ARTINLOtGHXCA18qkctgtaFa220416.shtml
新东方,【8点见】东航空难搜救发现部分飞机残骸和人体组织碎片,发布时间：2022-03-24 08:00:32,来源：新闻,https://news.cctv.com/2022/03/24/ARTIKeWUhqbyBbvlEJ3N5ePW220324.shtml
新东方,北京市场监管总局去年处罚15家培训机构,发布时间：2022-03-01 09:36:37,来源：教育,https://edu.cctv.com/2022/03/01/ARTIPZisH7lhv0k39azPHjXv220301.shtml
新东方,市场监管总局2021年对15家校外培训机构罚款3650万元,发布时间：2022-02-28 12:23:32,来源：新闻,https://news.cctv.com/2022/02/28/ARTI2ZMISpXb3PObg0cxcbSR220228.shtml
新东方,建设有吸引力的国家知识资源数据库,发布时间：2022-02-14 13:48:26,来源：数智频道,https://5gai.cctv.com/2022/02/14/ARTIysXDHBLcyBt5sgcv0enL220214.shtml
新东方,【8点见】机务遭碾压致死，青岛航空通报来了,发布时间：2022-01-27 08:00:17,来源：新闻,https://news.cctv.com/2022/01/27/ARTIJ0DvOgfBMgNAAhUwM19J220127.shtml
新东方,"国家图书馆：从未收到任何机构和个人捐赠的“<font color=""red"">新东方</font>精品课程”资源",发布时间：2022-01-26 12:15:50,来源：新闻,https://news.cctv.com/2022/01/26/ARTIrg7uhRGDc0rHOxgt1SOX220126.shtml
新东方,多地公布政府指导价 学科类教培机构很快“持证上岗”？,发布时间：2022-01-10 08:25:51,来源：教育,https://edu.cctv.com/2022/01/10/ARTIf0NdHAYJz1kyoedFNF17220110.shtml
新东方,多地公布政府指导价 学科类教培机构很快“持证上岗”？,发布时间：2022-01-08 06:41:53,来源：新闻,https://news.cctv.com/2022/01/08/ARTIHlVeF1APeiGjmofWq7TW220108.shtml
新东方,“营转非”大限已至 教培行业的老师们都去哪了？,发布时间：2022-01-04 08:34:06,来源：教育,https://edu.cctv.com/2022/01/04/ARTI1odm0CEFNatoJPfgX9No220104.shtml
新东方,“海归”还是“海待”：今天，我们该如何看待出国留学,发布时间：2022-01-04 08:24:15,来源：教育,https://edu.cctv.com/2022/01/04/ARTIBiKf3rmPsiMUWxglsh4K220104.shtml
新东方,“海归”还是“海待”：今天，我们该如何看待出国留学,发布时间：2022-01-04 07:15:30,来源：新闻,https://news.cctv.com/2022/01/04/ARTIxyCTqFNewDUd7nzWvyTt220104.shtml
新东方,“营转非”大限已至 教培行业的老师们都去哪了？,发布时间：2022-01-04 06:04:24,来源：新闻,https://news.cctv.com/2022/01/04/ARTIXgE8SaWGqRYMfPpZ8GnM220104.shtml
新东方,基金经理因能力不佳被调岗做保安？业内人士：未见相关公告发布 可能是恶搞,发布时间：2021-12-29 03:04:22,来源：经济,https://jingji.cctv.com/2021/12/29/ARTIsYpUE9Fu4YnjGaO5UoHQ211229.shtml
新东方,“双减”百余日，这些变化正在海南发生,发布时间：2021-12-25 10:36:47,来源：新闻,https://news.cctv.com/2021/12/25/ARTI5Y61RK2dfLwN7v88FfwK211225.shtml
新东方,浙江绍兴市上虞区5地调整为高风险地区,发布时间：2021-12-15 15:58:39,来源：新闻,https://news.cctv.com/2021/12/15/ARTICUEnLmTbgOwq5u25MsoY211215.shtml
新东方,中央网信办违法和不良信息举报中心组织第八批450家网站平台向社会统一公布举报受理方式,发布时间：2021-12-01 17:00:57,来源：新闻,https://news.cctv.com/2021/12/01/ARTIhnTAVe19t1hHto8tP1td211201.shtml
新东方,中央网信办：第八批450家网站平台公布举报受理方式,发布时间：2021-12-01 09:51:55,来源：新闻,https://news.cctv.com/2021/12/01/ARTIaHT1Nx70FO5GSLvLSNWH211201.shtml
新东方,中央网信办：第八批450家网站平台公布举报受理方式,发布时间：2021-12-01 09:45:23,来源：新闻,https://news.cctv.com/2021/12/01/ARTI5pPFZCcBGwfeNpjAqKeE211201.shtml
